image_path,car_count,bus_count,truck_count,motorcycle_count,bicycle_count,total_vehicle_count
068e860dddf5b88f58b2ebae3b2e9a92 (1).jpg.jpeg,31,1,1,2,0,35
076502eca4d2ce9ba2d1d11f6332b243.jpg.jpeg,33,4,3,0,0,40
08781fe5dd9578ac4ca77e161c1cdf21.jpg.jpeg,29,1,0,0,0,30
0decfcd6e3afe62d0b8e2ade90d3103e.jpg.jpeg,39,1,3,0,0,43
168abb74c9c5a4cf92d1f33c58591ed5.jpg.jpeg,28,1,3,0,0,32
1914205fdd8bb6018779a94adffea7ca.jpg.jpeg,14,1,0,0,0,15
246907d8b028d6ff5b214ea1e808aa3f.jpg.jpeg,30,2,7,0,0,39
613c6d6bb66e461ae3f528ba4e621f58.jpg.jpeg,30,4,1,0,0,35
79cce8226e0904d47de87c0aae82ff13.jpg.jpeg,18,2,0,0,0,20
7aa9fbe0785feaa2adc4efa2a74240b4.jpg.jpeg,45,0,1,0,0,46
7c27531a20fa50d0f88029a7629c1f47.jpg.jpeg,25,0,0,0,0,25
878fbc3b04dafca21aa3f83de01e7b5e.jpg.jpeg,21,4,3,0,0,28
9291f34398ffb72a0e80a77a653dc234.jpg.jpeg,29,1,6,0,0,36
9d3a0c5ae2fd6a023a18fa2bc9eebef2.jpg.jpeg,22,1,1,0,0,24
9f3318ffe4c7510f68262472f87102a4.jpg.jpeg,12,5,1,3,0,21
aled7-traffic-4522805_1920.jpg.jpeg,30,2,0,0,0,32
ba8bead09b6abe2c895cf8d975b3209e.jpg.jpeg,16,0,2,0,0,18
df1250d062936bcfc3ffaba807027c67.jpg.jpeg,18,3,4,1,0,26
f0930d9519f1b3f92133ff880604a244.jpg.jpeg,33,1,0,0,0,34
f3187b7e565eed2b032cf5d962ce80b6.jpg.jpeg,28,1,2,0,0,31
hpgruesen-highway-1338440_1920.jpg.jpeg,11,1,9,0,0,21
images_231 (2).jpg,3,0,0,0,0,3
images_231 (3).jpg,11,0,5,0,0,16
images_231 (4).jpg,1,0,2,0,0,3
images_231.jpg,7,0,1,0,0,8
images_232 (2).jpg,1,4,0,0,0,5
images_232 (3).jpg,0,0,0,0,0,0
images_232.jpg,2,2,1,0,0,5
images_233 (2).jpg,9,5,1,0,0,15
images_235 (2).jpg,6,1,0,0,0,7
images_235.jpg,15,3,0,0,0,18
images_236 (2).jpg,21,5,0,0,0,26
images_236 (3).jpg,12,5,0,0,0,17
images_236.jpg,7,0,0,0,0,7
images_237.jpg,21,4,3,0,0,28
images_238.jpg,10,7,3,0,0,20
images_239.jpg,24,4,4,0,0,32
images_240.jpg,7,5,0,0,0,12
images_241.jpg,5,0,0,0,0,5
images_242 (2).jpg,8,1,0,0,0,9
images_242.jpg,13,3,0,0,0,16
images_243.jpg,4,6,3,0,0,13
images_244 (2).jpg,7,0,0,1,0,8
images_244.jpg,17,3,1,0,0,21
images_245.jpg,7,1,0,0,0,8
images_246 (2).jpg,2,0,0,0,0,2
images_246.jpg,11,0,1,0,0,12
images_247 (2).jpg,3,1,0,0,0,4
images_247.jpg,25,4,0,0,0,29
images_248 (2).jpg,14,3,1,0,0,18
images_248.jpg,14,9,1,0,0,24
images_249 (2).jpg,9,2,2,0,0,13
images_249.jpg,14,0,3,0,0,17
images_250 (2).jpg,0,0,0,0,0,0
images_250.jpg,12,2,1,0,0,15
images_251 (2).jpg,7,0,0,0,0,7
images_251 (3).jpg,6,0,1,0,0,7
images_251.jpg,0,5,0,0,0,5
images_252 (2).jpg,15,3,0,0,0,18
images_252.jpg,20,1,0,0,0,21
images_253 (2).jpg,13,2,3,0,0,18
images_253 (3).jpg,6,0,0,0,0,6
images_253.jpg,30,0,1,0,0,31
images_254.jpg,3,3,0,0,0,6
images_256 (2).jpg,3,1,0,0,0,4
images_256.jpg,22,0,1,0,0,23
images_257 (2).jpg,6,0,0,0,0,6
images_257.jpg,2,0,3,0,0,5
images_258 (2).jpg,2,0,0,0,0,2
images_258.jpg,8,2,0,0,0,10
images_259 (2).jpg,4,0,0,0,0,4
images_259.jpg,8,1,0,0,0,9
images_260.jpg,1,0,0,0,0,1
images_261 (2).jpg,7,0,0,0,0,7
images_261 (3).jpg,6,0,0,0,0,6
images_261.jpg,3,6,2,0,0,11
images_262 (2).jpg,4,0,3,0,0,7
images_262.jpg,26,0,3,0,0,29
images_263 (2).jpg,27,2,3,0,0,32
images_263.jpg,10,1,2,0,0,13
images_264.jpg,6,1,1,0,0,8
images_265 (2).jpg,1,0,0,0,0,1
images_265.jpg,39,5,1,0,0,45
images_266.jpg,13,2,4,0,0,19
images_267 (2).jpg,4,0,0,0,0,4
images_267.jpg,0,0,0,0,0,0
images_268 (2).jpg,0,0,4,0,0,4
images_268 (3).jpg,4,0,0,0,0,4
images_268.jpg,12,1,3,0,0,16
images_269 (2).jpg,13,2,3,0,0,18
images_269.jpg,15,0,0,0,0,15
images_270 (2).jpg,3,5,2,0,0,10
images_270 (3).jpg,2,0,0,0,0,2
images_270.jpg,22,1,1,0,0,24
images_271 (2).jpg,13,1,3,0,0,17
images_271 (3).jpg,0,0,0,0,0,0
images_271.jpg,15,7,0,0,0,22
images_272.jpg,5,0,0,0,0,5
images_273 (2).jpg,5,2,2,0,0,9
images_273.jpg,15,0,0,0,0,15
images_274 (2).jpg,2,0,0,0,0,2
images_274.jpg,11,0,1,0,0,12
images_275.jpg,3,11,0,0,0,14
images_276 (2).jpg,9,1,0,0,0,10
images_276.jpg,19,1,3,0,0,23
images_277 (2).jpg,9,2,0,0,0,11
images_277 (3).jpg,1,0,0,0,0,1
images_277.jpg,7,4,0,0,0,11
images_278 (2).jpg,6,0,1,0,0,7
images_278.jpg,10,0,0,0,1,11
images_279 (2).jpg,17,0,2,0,0,19
images_279.jpg,0,1,0,0,0,1
images_280 (2).jpg,8,1,0,0,0,9
images_280 (3).jpg,3,1,3,0,0,7
images_280.jpg,21,2,1,1,0,25
images_281.jpg,0,0,0,0,0,0
images_282 (2).jpg,16,2,0,0,0,18
images_282.jpg,9,0,0,0,0,9
images_283 (2).jpg,1,9,2,0,0,12
images_283.jpg,12,1,1,0,0,14
images_284 (2).jpg,10,8,0,0,0,18
images_284.jpg,19,2,0,0,0,21
images_285.jpg,4,1,0,0,0,5
images_286 (2).jpg,9,2,2,0,0,13
images_286 (3).jpg,10,2,0,0,0,12
images_286.jpg,5,0,1,0,0,6
images_287 (2).jpg,6,0,0,0,0,6
images_287.jpg,15,1,4,0,0,20
images_288 (2).jpg,4,0,0,0,0,4
images_288 (3).jpg,2,0,0,0,0,2
images_288.jpg,15,1,2,0,0,18
images_290.jpg,4,1,0,0,0,5
images_291 (2).jpg,15,0,0,0,0,15
images_291.jpg,23,2,2,0,0,27
images_292.jpg,6,1,0,0,0,7
images_293 (2).jpg,7,3,5,0,0,15
images_293.jpg,3,1,1,0,0,5
images_294 (2).jpg,27,2,3,0,0,32
images_294 (3).jpg,2,0,0,0,0,2
images_294.jpg,19,10,2,1,0,32
images_295 (2).jpg,7,4,1,0,0,12
images_295.jpg,8,1,0,0,0,9
images_296 (2).jpg,3,0,0,0,0,3
images_296.jpg,7,0,2,0,0,9
images_297.jpg,6,0,0,0,0,6
images_300 (2).jpg,19,6,1,0,0,26
images_300 (3).jpg,0,0,0,0,0,0
images_300.jpg,3,1,0,0,0,4
images_301.jpg,1,0,0,0,0,1
images_302 (2).jpg,5,0,0,0,0,5
images_302.jpg,9,3,0,0,0,12
images_303 (2).jpg,16,6,1,0,0,23
images_303 (3).jpg,1,0,0,0,0,1
images_303 (4).jpg,11,4,4,0,0,19
images_303 (5).jpg,8,3,0,0,0,11
images_303.jpg,8,5,4,0,0,17
images_304.jpg,13,3,6,0,0,22
images_305 (2).jpg,5,2,1,0,0,8
images_305.jpg,9,3,4,0,0,16
images_306 (2).jpg,8,1,2,0,0,11
images_306.jpg,32,0,0,1,0,33
images_307 (2).jpg,18,2,0,0,0,20
images_307.jpg,18,0,1,0,0,19
images_308.jpg,11,0,0,0,0,11
images_310 (2).jpg,15,4,2,0,0,21
images_310.jpg,19,0,0,0,0,19
images_311.jpg,7,2,0,0,0,9
images_314 (2).jpg,12,3,2,0,0,17
images_314 (3).jpg,17,0,0,0,0,17
images_314.jpg,15,2,4,0,0,21
images_315.jpg,8,0,0,0,0,8
images_316 (2).jpg,2,1,1,0,0,4
images_316.jpg,20,2,2,0,0,24
images_317 (2).jpg,6,0,0,0,0,6
images_317.jpg,8,1,0,0,0,9
images_318.jpg,5,1,0,0,0,6
images_320.jpg,5,0,0,0,0,5
images_321 (2).jpg,18,8,2,0,0,28
images_321.jpg,0,1,0,0,0,1
images_322.jpg,0,0,0,0,0,0
images_323 (2).jpg,1,0,0,0,0,1
images_323.jpg,2,1,1,0,0,4
images_324.jpg,17,1,1,0,0,19
images_325.jpg,6,0,0,0,0,6
images_326 (2).jpg,18,2,1,0,0,21
images_326.jpg,9,3,5,0,0,17
images_327 (2).jpg,14,3,0,0,0,17
images_327.jpg,5,1,0,0,0,6
images_328 (2).jpg,12,2,1,0,0,15
images_328 (3).jpg,3,1,0,0,0,4
images_328.jpg,2,0,0,0,0,2
images_329.jpg,0,0,0,0,0,0
images_330 (2).jpg,20,6,1,0,0,27
images_330.jpg,13,10,0,0,0,23
images_331.jpg,13,5,0,0,0,18
images_332.jpg,0,0,0,0,0,0
images_334 (2).jpg,4,0,0,0,0,4
images_334.jpg,21,3,0,0,0,24
images_335.jpg,3,0,3,0,0,6
images_336 (2).jpg,11,1,1,0,0,13
images_336 (3).jpg,25,4,0,0,0,29
images_336.jpg,17,1,0,0,0,18
images_337 (2).jpg,5,0,0,0,0,5
images_337.jpg,14,3,2,0,0,19
images_338 (2).jpg,0,0,0,0,0,0
images_338.jpg,18,0,0,0,0,18
images_339.jpg,17,1,2,0,0,20
images_340 (2).jpg,7,0,1,0,0,8
images_340.jpg,9,12,0,0,0,21
images_341 (2).jpg,2,0,0,0,0,2
images_341 (3).jpg,1,0,0,0,0,1
images_341.jpg,13,2,3,0,0,18
images_342.jpg,3,8,0,0,0,11
images_343.jpg,0,2,0,0,0,2
images_344 (2).jpg,7,0,0,0,0,7
images_344 (3).jpg,4,10,0,0,0,14
images_344 (4).jpg,8,0,1,0,0,9
images_344.jpg,7,1,4,0,0,12
images_345 (2).jpg,27,2,0,0,0,29
images_345.jpg,18,1,0,0,0,19
images_346 (2).jpg,16,1,0,0,0,17
images_346.jpg,0,0,0,0,0,0
images_347 (2).jpg,14,0,1,0,0,15
images_347.jpg,8,2,2,0,0,12
images_348 (2).jpg,10,2,0,0,0,12
images_348 (3).jpg,0,0,0,0,0,0
images_348.jpg,14,2,4,0,0,20
images_349 (2).jpg,12,1,0,0,0,13
images_349.jpg,0,0,2,0,0,2
images_350.jpg,5,0,0,0,0,5
images_351 (2).jpg,5,0,0,0,0,5
images_351.jpg,32,4,1,0,0,37
images_352 (2).jpg,19,0,0,0,0,19
images_352 (3).jpg,20,0,2,0,0,22
images_352.jpg,18,2,0,0,0,20
images_353 (2).jpg,9,2,1,0,0,12
images_353 (3).jpg,5,0,0,0,0,5
images_353.jpg,10,4,2,0,0,16
images_354.jpg,39,1,1,0,0,41
images_355 (2).jpg,1,0,0,0,0,1
images_355.jpg,12,10,1,0,0,23
images_356.jpg,5,5,0,0,0,10
images_357 (2).jpg,8,2,0,0,0,10
images_357.jpg,2,2,0,0,0,4
images_358 (2).jpg,0,0,0,0,0,0
images_358.jpg,3,0,0,0,0,3
images_359 (2).jpg,5,2,2,0,0,9
images_359.jpg,21,0,0,0,0,21
images_360 (2).jpg,12,2,0,0,0,14
images_360 (3).jpg,16,0,0,0,0,16
images_360 (4).jpg,0,0,0,0,0,0
images_360.jpg,13,8,0,0,0,21
images_361.jpg,11,0,0,0,0,11
images_362 (2).jpg,23,0,0,0,0,23
images_362.jpg,10,1,0,1,0,12
images_363.jpg,6,1,0,0,0,7
images_364 (2).jpg,7,0,1,0,0,8
images_364.jpg,11,0,0,1,0,12
images_365 (2).jpg,7,6,1,0,0,14
images_365.jpg,0,0,0,0,0,0
images_366 (2).jpg,3,1,0,0,0,4
images_366.jpg,1,2,4,0,0,7
images_367 (2).jpg,1,1,0,0,0,2
images_367 (3).jpg,18,3,2,0,0,23
images_367.jpg,20,1,0,1,0,22
images_368.jpg,5,2,1,0,0,8
images_369.jpg,17,0,0,0,0,17
images_370 (2).jpg,2,13,1,0,0,16
images_370 (3).jpg,0,1,0,0,0,1
images_370.jpg,15,0,0,0,0,15
images_371 (2).jpg,5,0,0,0,0,5
images_371.jpg,9,0,3,0,0,12
images_372.jpg,10,0,0,0,1,11
images_373 (2).jpg,9,1,0,0,0,10
images_373 (3).jpg,15,0,5,0,0,20
images_373.jpg,15,9,2,0,0,26
images_374 (2).jpg,23,2,2,0,0,27
images_374.jpg,3,6,1,1,0,11
images_375 (2).jpg,24,3,0,0,0,27
images_375 (3).jpg,3,1,0,0,0,4
images_375.jpg,5,0,0,0,0,5
images_376 (2).jpg,11,0,0,0,0,11
images_376.jpg,23,3,1,0,0,27
images_377 (2).jpg,12,1,3,0,0,16
images_377.jpg,2,0,0,0,0,2
images_378 (2).jpg,4,2,0,0,0,6
images_378.jpg,5,0,0,0,0,5
images_379.jpg,0,0,0,0,0,0
images_380 (2).jpg,0,0,0,0,0,0
images_380.jpg,24,0,0,0,0,24
images_381 (2).jpg,6,1,1,0,0,8
images_381.jpg,0,0,2,0,0,2
images_382.jpg,5,0,2,0,0,7
images_383.jpg,9,0,1,0,0,10
images_384 (2).jpg,9,1,0,0,0,10
images_384 (3).jpg,4,0,0,0,0,4
images_384.jpg,24,2,1,1,0,28
images_385 (2).jpg,14,0,1,0,0,15
images_385.jpg,32,0,2,0,0,34
images_386 (2).jpg,27,2,0,0,0,29
images_386 (3).jpg,9,0,3,0,0,12
images_386.jpg,1,0,0,0,0,1
images_387 (2).jpg,14,1,0,0,0,15
images_387 (3).jpg,1,2,0,0,0,3
images_387.jpg,10,1,0,0,0,11
images_388 (2).jpg,18,0,0,0,0,18
images_388.jpg,1,9,0,0,0,10
images_389 (2).jpg,4,0,8,0,0,12
images_389 (3).jpg,4,0,1,0,0,5
images_389.jpg,9,2,2,0,0,13
images_390 (2).jpg,8,0,0,0,0,8
images_390.jpg,19,3,3,0,0,25
images_391 (2).jpg,5,0,0,0,0,5
images_391 (3).jpg,0,0,0,0,0,0
images_391.jpg,12,0,2,0,0,14
images_392 (2).jpg,6,0,0,0,0,6
images_392.jpg,13,3,1,0,0,17
images_393 (2).jpg,5,3,2,0,0,10
images_393 (3).jpg,3,0,0,0,0,3
images_393.jpg,6,0,0,0,0,6
images_394 (2).jpg,0,0,0,0,0,0
images_394.jpg,12,0,0,0,0,12
images_395 (2).jpg,17,2,1,0,0,20
images_395.jpg,4,0,1,0,0,5
images_397.jpg,22,0,3,0,0,25
images_398 (2).jpg,1,0,0,0,0,1
images_398.jpg,0,0,0,0,0,0
images_399 (2).jpg,13,3,2,0,0,18
images_399 (3).jpg,1,0,0,0,0,1
images_399.jpg,27,0,2,0,0,29
images_400 (2).jpg,5,3,2,0,0,10
images_400 (3).jpg,1,0,0,0,0,1
images_400 (4).jpg,7,0,0,0,0,7
images_400.jpg,3,0,1,0,0,4
images_401 (2).jpg,12,0,0,0,0,12
images_401.jpg,0,3,1,0,0,4
images_402 (2).jpg,0,0,0,0,0,0
images_402 (3).jpg,0,0,0,0,0,0
images_402.jpg,16,8,0,0,0,24
images_403 (2).jpg,1,0,5,0,0,6
images_403.jpg,0,0,0,7,0,7
images_404 (2).jpg,0,0,0,0,0,0
images_404.jpg,8,0,3,0,0,11
images_405 (2).jpg,7,0,2,0,0,9
images_405.jpg,2,1,0,0,0,3
images_406 (2).jpg,13,0,0,0,0,13
images_406 (3).jpg,5,0,0,0,0,5
images_406 (4).jpg,4,0,0,0,0,4
images_406.jpg,11,2,0,0,0,13
images_407 (2).jpg,7,1,2,0,0,10
images_407 (3).jpg,3,1,3,0,0,7
images_407.jpg,5,0,1,0,0,6
images_408.jpg,9,0,0,0,0,9
images_409 (2).jpg,10,1,0,0,0,11
images_409 (3).jpg,11,1,0,0,0,12
images_409.jpg,22,0,9,0,0,31
images_410 (2).jpg,3,0,0,0,0,3
images_410.jpg,19,2,1,0,0,22
images_411 (2).jpg,10,0,1,0,0,11
images_411 (3).jpg,11,3,0,0,0,14
images_411.jpg,12,0,2,0,0,14
images_412 (2).jpg,7,0,0,0,0,7
images_412.jpg,27,2,3,0,0,32
images_413.jpg,14,1,0,0,0,15
images_414 (2).jpg,3,1,0,0,1,5
images_414 (3).jpg,24,0,1,0,0,25
images_414 (4).jpg,0,0,0,0,0,0
images_414.jpg,1,1,0,0,0,2
images_415.jpg,2,1,0,0,0,3
images_416 (2).jpg,4,1,3,0,0,8
images_416.jpg,31,1,2,0,0,34
images_417 (2).jpg,4,0,0,0,0,4
images_417 (3).jpg,9,1,0,0,0,10
images_417.jpg,7,2,2,0,0,11
images_418 (2).jpg,24,1,0,0,0,25
images_418.jpg,27,1,0,0,0,28
images_419 (2).jpg,6,1,0,0,0,7
images_419.jpg,8,5,2,0,0,15
images_420.jpg,4,5,1,0,0,10
images_421.jpg,3,2,3,3,0,11
images_422 (2).jpg,2,1,1,0,0,4
images_422.jpg,8,1,0,0,0,9
images_423.jpg,23,1,2,0,0,26
images_424.jpg,1,0,0,0,0,1
images_425 (2).jpg,9,0,0,0,0,9
images_425.jpg,5,1,0,0,0,6
images_426 (2).jpg,16,0,1,0,0,17
images_426.jpg,9,1,1,0,0,11
images_427 (2).jpg,21,2,0,0,0,23
images_427.jpg,12,4,0,1,0,17
images_428 (2).jpg,14,2,3,0,0,19
images_428.jpg,4,5,1,0,0,10
images_429 (2).jpg,1,0,0,0,0,1
images_429.jpg,3,1,0,0,0,4
images_430 (2).jpg,6,0,1,0,0,7
images_430.jpg,15,2,1,0,0,18
images_431 (2).jpg,22,5,2,0,0,29
images_431 (3).jpg,27,1,0,0,0,28
images_431.jpg,9,0,0,0,0,9
images_432.jpg,14,3,2,0,0,19
images_433 (2).jpg,24,0,0,0,0,24
images_433 (3).jpg,23,3,2,1,0,29
images_433 (4).jpg,8,0,1,0,0,9
images_433.jpg,20,2,0,0,0,22
images_434.jpg,5,0,3,1,0,9
images_436.jpg,0,0,0,0,0,0
images_437 (2).jpg,1,4,1,0,0,6
images_437 (3).jpg,11,0,3,0,0,14
images_437 (4).jpg,16,0,3,0,0,19
images_437.jpg,1,1,2,0,0,4
images_438 (2).jpg,0,0,0,0,0,0
images_438.jpg,18,3,4,0,0,25
images_439.jpg,0,0,0,0,0,0
images_440 (2).jpg,25,5,1,0,0,31
images_440.jpg,15,5,1,0,0,21
images_441 (2).jpg,26,0,0,0,0,26
images_441 (3).jpg,3,1,0,0,0,4
images_441.jpg,9,6,5,0,0,20
images_442 (2).jpg,1,0,0,0,0,1
images_442.jpg,14,0,0,0,0,14
images_443.jpg,6,1,0,0,0,7
images_445.jpg,25,0,1,0,0,26
images_446.jpg,3,0,0,0,0,3
images_447 (2).jpg,0,0,0,0,0,0
images_447 (3).jpg,21,1,0,0,0,22
images_447.jpg,8,1,1,0,0,10
images_448 (2).jpg,0,1,2,0,0,3
images_448 (3).jpg,12,8,0,0,0,20
images_448.jpg,18,0,0,1,0,19
images_449 (2).jpg,22,5,2,0,0,29
images_449.jpg,14,0,0,0,0,14
images_450 (2).jpg,14,2,1,0,0,17
images_450 (3).jpg,14,5,4,0,0,23
images_450.jpg,8,0,0,0,0,8
images_451.jpg,4,2,1,0,0,7
images_453 (2).jpg,15,1,2,0,0,18
images_453.jpg,1,4,1,0,0,6
images_454.jpg,10,0,1,0,0,11
images_455.jpg,3,0,0,0,0,3
images_456 (2).jpg,5,0,0,0,0,5
images_456.jpg,4,10,1,0,0,15
images_457 (2).jpg,28,1,2,0,0,31
images_457 (3).jpg,8,6,0,0,0,14
images_457.jpg,1,7,0,0,0,8
images_458 (2).jpg,20,0,3,0,0,23
images_458.jpg,12,0,1,0,0,13
images_459 (2).jpg,6,9,1,0,0,16
images_459 (3).jpg,3,0,1,0,0,4
images_459.jpg,2,1,0,0,0,3
images_460 (2).jpg,33,4,1,0,0,38
images_460.jpg,6,3,5,0,0,14
images_461 (2).jpg,28,4,4,0,0,36
images_461 (3).jpg,17,5,2,1,0,25
images_461 (4).jpg,11,1,2,0,0,14
images_461.jpg,4,0,1,0,0,5
images_462 (2).jpg,18,2,2,0,0,22
images_462 (3).jpg,18,1,1,0,0,20
images_462.jpg,5,8,2,0,0,15
images_463 (2).jpg,11,9,0,0,0,20
images_463 (3).jpg,1,0,0,0,0,1
images_463.jpg,7,7,0,0,0,14
images_465 (2).jpg,10,6,1,0,0,17
images_465.jpg,29,4,0,0,0,33
images_467.jpg,7,0,1,0,0,8
images_468 (2).jpg,21,8,2,0,0,31
images_468.jpg,9,3,0,0,0,12
images_469.jpg,3,3,0,0,0,6
images_470.jpg,5,0,1,0,0,6
images_471 (2).jpg,20,1,0,1,0,22
images_471 (3).jpg,22,2,3,0,0,27
images_471.jpg,4,0,0,0,0,4
images_472 (2).jpg,1,1,0,0,0,2
images_472.jpg,16,1,4,0,0,21
images_473 (2).jpg,8,0,0,0,0,8
images_473.jpg,0,1,0,0,0,1
images_474.jpg,7,0,3,0,0,10
images_475 (2).jpg,5,0,0,0,0,5
images_475.jpg,5,1,6,0,0,12
images_476 (2).jpg,8,8,0,1,0,17
images_476 (3).jpg,0,0,0,0,0,0
images_476.jpg,14,5,1,0,0,20
images_477 (2).jpg,9,0,0,0,0,9
images_477.jpg,4,0,0,0,0,4
images_478 (2).jpg,5,0,3,1,0,9
images_478.jpg,6,0,0,0,0,6
images_479 (2).jpg,10,2,2,0,0,14
images_479.jpg,23,7,0,0,0,30
images_480 (2).jpg,22,0,1,0,0,23
images_480.jpg,16,1,0,0,0,17
images_481 (2).jpg,11,0,3,0,0,14
images_481 (3).jpg,18,3,4,0,0,25
images_481.jpg,24,1,0,0,0,25
images_482.jpg,0,0,0,0,0,0
images_483 (2).jpg,14,2,1,0,0,17
images_483.jpg,6,0,1,0,0,7
images_484 (2).jpg,3,0,0,0,0,3
images_484.jpg,19,3,1,0,0,23
images_485.jpg,15,0,1,0,0,16
images_486 (2).jpg,7,5,2,0,0,14
images_486.jpg,30,0,2,0,0,32
images_487 (2).jpg,8,4,0,0,0,12
images_487.jpg,2,1,1,0,0,4
images_488 (2).jpg,21,0,2,0,0,23
images_488.jpg,15,2,0,0,0,17
images_489 (2).jpg,7,0,3,0,0,10
images_489 (3).jpg,10,5,0,0,0,15
images_489 (4).jpg,28,1,2,0,0,31
images_489.jpg,8,3,2,0,0,13
images_490 (2).jpg,4,0,0,0,0,4
images_490.jpg,22,3,1,0,0,26
images_491 (2).jpg,9,0,5,0,0,14
images_491.jpg,6,1,0,0,0,7
images_492 (2).jpg,1,0,0,0,0,1
images_492 (3).jpg,14,0,7,0,0,21
images_492.jpg,7,5,7,0,0,19
images_493.jpg,13,3,2,0,0,18
images_494 (2).jpg,1,0,1,0,0,2
images_494.jpg,0,0,3,0,0,3
images_495 (2).jpg,0,0,0,0,0,0
images_495.jpg,21,1,3,0,0,25
images_496.jpg,17,9,1,0,0,27
images_497 (2).jpg,23,3,0,0,0,26
images_497.jpg,8,2,1,0,0,11
images_498 (2).jpg,2,1,0,0,0,3
images_498.jpg,7,2,0,1,0,10
images_499 (2).jpg,11,0,0,0,0,11
images_499.jpg,15,1,1,0,0,17
images_501.jpg,14,4,2,0,0,20
images_502 (2).jpg,16,5,4,1,0,26
images_502 (3).jpg,4,0,0,0,0,4
images_502.jpg,14,5,1,0,0,20
images_503 (2).jpg,20,1,1,0,0,22
images_503 (3).jpg,11,4,1,0,0,16
images_503 (4).jpg,0,0,0,0,0,0
images_503.jpg,6,0,3,0,0,9
images_504 (2).jpg,3,0,0,0,0,3
images_504 (3).jpg,13,0,0,0,0,13
images_504.jpg,17,1,0,0,0,18
images_505.jpg,3,0,0,0,0,3
images_506 (2).jpg,2,8,2,0,0,12
images_506 (3).jpg,0,0,0,0,0,0
images_506.jpg,9,0,0,0,0,9
images_507.jpg,8,0,0,1,0,9
images_508 (2).jpg,14,0,0,0,0,14
images_508 (3).jpg,1,1,1,0,0,3
images_508.jpg,5,0,2,0,0,7
images_509.jpg,13,0,3,0,0,16
images_510 (2).jpg,23,3,4,0,0,30
images_510 (3).jpg,0,1,3,0,0,4
images_510.jpg,12,0,0,0,0,12
images_511 (2).jpg,3,6,2,0,0,11
images_511 (3).jpg,2,0,0,0,0,2
images_511.jpg,9,2,4,0,0,15
images_512.jpg,4,3,2,0,0,9
images_513.jpg,19,3,0,0,0,22
images_514 (2).jpg,4,2,3,0,0,9
images_514 (3).jpg,5,0,2,0,0,7
images_514.jpg,10,2,3,0,0,15
images_515.jpg,27,1,1,0,0,29
images_516 (2).jpg,24,4,2,0,0,30
images_516.jpg,17,1,2,0,0,20
images_517 (2).jpg,6,1,0,0,0,7
images_517 (3).jpg,23,3,2,0,0,28
images_517.jpg,6,5,1,0,0,12
images_518 (2).jpg,2,1,1,0,0,4
images_518.jpg,3,0,0,0,0,3
images_519 (2).jpg,10,0,2,0,0,12
images_519.jpg,13,0,2,0,0,15
images_520 (2).jpg,20,6,2,0,0,28
images_520.jpg,22,1,0,0,0,23
images_521 (2).jpg,32,0,0,0,0,32
images_521.jpg,24,0,0,0,0,24
images_522 (2).jpg,30,1,1,0,0,32
images_522 (3).jpg,26,2,1,0,0,29
images_522 (4).jpg,5,3,0,0,0,8
images_522.jpg,2,1,1,0,0,4
images_523 (2).jpg,4,2,3,0,0,9
images_523.jpg,10,0,0,0,0,10
images_524 (2).jpg,4,1,0,0,0,5
images_524 (3).jpg,18,0,2,0,0,20
images_524 (4).jpg,2,2,1,0,0,5
images_524.jpg,4,3,0,0,0,7
images_525 (2).jpg,0,0,0,0,0,0
images_525.jpg,10,2,2,0,0,14
images_526 (2).jpg,8,6,0,0,0,14
images_526.jpg,1,11,3,0,0,15
images_527 (2).jpg,8,2,0,0,0,10
images_527.jpg,9,6,0,0,0,15
images_529 (2).jpg,16,3,0,0,0,19
images_529.jpg,5,1,1,0,0,7
images_530.jpg,8,7,2,0,0,17
images_531.jpg,10,0,0,0,0,10
images_532 (2).jpg,15,0,2,0,0,17
images_532.jpg,14,1,0,0,0,15
images_533 (2).jpg,9,1,0,0,0,10
images_533 (3).jpg,15,0,0,0,0,15
images_533.jpg,7,3,2,0,0,12
images_534.jpg,0,0,0,0,0,0
images_535.jpg,7,6,2,0,0,15
images_536 (2).jpg,9,0,1,0,0,10
images_536 (3).jpg,2,0,0,0,0,2
images_536.jpg,20,1,4,0,0,25
images_537 (2).jpg,1,4,4,0,0,9
images_537 (3).jpg,10,10,0,0,0,20
images_537 (4).jpg,0,6,0,0,0,6
images_537.jpg,6,0,0,0,0,6
images_538 (2).jpg,1,0,0,0,0,1
images_538.jpg,3,2,2,0,0,7
images_539 (2).jpg,2,0,0,0,0,2
images_539.jpg,10,1,2,0,0,13
images_540 (2).jpg,0,0,0,0,0,0
images_540.jpg,7,4,0,0,0,11
images_541.jpg,25,1,1,0,0,27
images_543 (2).jpg,9,2,0,0,0,11
images_543 (3).jpg,20,2,1,0,0,23
images_543.jpg,11,1,0,0,0,12
images_544 (2).jpg,1,1,1,0,0,3
images_544.jpg,22,8,2,0,0,32
images_546 (2).jpg,11,0,0,0,0,11
images_546.jpg,13,0,0,0,0,13
images_547.jpg,16,10,2,0,0,28
images_548 (2).jpg,12,3,2,0,0,17
images_548.jpg,7,1,6,0,0,14
images_549 (2).jpg,33,8,1,0,0,42
images_549 (3).jpg,6,0,1,0,0,7
images_549.jpg,6,2,1,1,0,10
images_550 (2).jpg,4,2,0,0,0,6
images_550 (3).jpg,13,0,2,0,0,15
images_550.jpg,7,1,2,0,0,10
images_551 (2).jpg,9,0,1,0,0,10
images_551 (3).jpg,9,5,2,0,0,16
images_551 (4).jpg,3,0,0,0,0,3
images_551.jpg,22,0,1,0,0,23
images_553 (2).jpg,20,2,1,0,0,23
images_553.jpg,19,6,2,0,0,27
images_554 (2).jpg,21,0,1,0,0,22
images_554.jpg,13,1,1,0,0,15
images_555 (2).jpg,25,1,2,0,0,28
images_555.jpg,3,0,0,0,0,3
images_557.jpg,16,8,0,0,0,24
images_558 (2).jpg,18,1,1,0,0,20
images_558.jpg,19,0,1,0,0,20
images_559 (2).jpg,16,5,3,0,0,24
images_559 (3).jpg,4,0,0,0,0,4
images_559.jpg,13,2,3,0,0,18
images_560 (2).jpg,21,0,0,0,0,21
images_560 (3).jpg,11,1,1,0,0,13
images_560.jpg,2,4,0,0,0,6
images_561.jpg,18,0,0,0,0,18
images_562 (2).jpg,36,1,2,0,0,39
images_562 (3).jpg,1,2,5,0,0,8
images_562.jpg,2,9,0,0,0,11
images_563.jpg,5,0,1,0,0,6
images_564 (2).jpg,7,0,0,0,0,7
images_564 (3).jpg,1,2,2,0,0,5
images_564.jpg,4,0,2,0,0,6
images_565 (2).jpg,1,0,0,0,0,1
images_565.jpg,2,1,1,0,0,4
images_566.jpg,4,0,0,0,0,4
images_567 (2).jpg,5,1,0,0,0,6
images_567.jpg,15,4,1,0,0,20
images_568 (2).jpg,31,3,0,0,0,34
images_568 (3).jpg,6,0,0,0,0,6
images_568.jpg,6,3,0,0,0,9
images_569 (2).jpg,9,2,1,0,0,12
images_569.jpg,7,2,1,0,0,10
images_570.jpg,11,0,0,0,0,11
images_571 (2).jpg,4,1,1,0,0,6
images_571.jpg,22,2,0,0,0,24
images_572 (2).jpg,29,0,0,0,0,29
images_572.jpg,4,1,1,3,1,10
images_573.jpg,11,1,0,0,0,12
images_575 (2).jpg,26,0,0,0,0,26
images_575 (3).jpg,12,1,1,0,0,14
images_575.jpg,12,2,3,1,0,18
images_576.jpg,4,0,0,0,0,4
images_577 (2).jpg,4,2,0,0,0,6
images_577.jpg,27,5,0,0,0,32
images_578.jpg,2,0,1,0,0,3
images_579 (2).jpg,4,6,0,0,0,10
images_579 (3).jpg,21,0,1,0,0,22
images_579.jpg,2,0,0,0,0,2
images_580.jpg,12,2,0,0,0,14
images_581.jpg,0,0,0,0,0,0
images_582.jpg,40,1,4,0,0,45
images_583 (2).jpg,0,0,0,0,0,0
images_583.jpg,28,3,3,0,0,34
images_584 (2).jpg,12,0,0,0,0,12
images_584.jpg,23,5,2,0,0,30
images_585 (2).jpg,8,0,0,0,0,8
images_585.jpg,11,4,0,0,0,15
images_586 (2).jpg,6,0,0,0,0,6
images_586.jpg,4,3,3,0,0,10
images_588.jpg,14,5,4,0,0,23
images_589.jpg,7,2,0,1,1,11
images_590.jpg,3,2,0,0,0,5
images_591.jpg,12,2,3,0,0,17
images_593 (2).jpg,4,0,0,0,0,4
images_593.jpg,10,1,0,0,0,11
images_594 (2).jpg,15,8,2,0,0,25
images_594 (3).jpg,15,5,1,0,0,21
images_594.jpg,1,3,0,0,0,4
images_595 (2).jpg,8,0,0,0,0,8
images_595.jpg,10,5,2,0,0,17
images_596 (2).jpg,1,2,2,0,0,5
images_596.jpg,8,1,0,0,0,9
images_597 (2).jpg,8,2,1,0,0,11
images_597.jpg,18,1,0,0,0,19
images_598 (2).jpg,13,0,0,0,0,13
images_598.jpg,2,16,2,0,0,20
images_599 (2).jpg,4,1,0,0,0,5
images_599.jpg,11,8,0,0,0,19
images_600 (2).jpg,12,0,8,0,0,20
images_600 (3).jpg,12,0,0,0,0,12
images_600.jpg,4,0,2,0,0,6
images_601 (2).jpg,19,2,0,0,0,21
images_601.jpg,16,1,0,0,0,17
images_602.jpg,6,1,1,0,0,8
images_603.jpg,0,0,0,0,0,0
images_605 (2).jpg,5,4,2,0,0,11
images_605.jpg,11,2,2,0,0,15
images_606 (2).jpg,6,1,3,0,0,10
images_606.jpg,22,3,1,0,0,26
images_607 (2).jpg,12,5,0,0,0,17
images_607.jpg,5,0,0,0,0,5
images_608.jpg,13,10,0,0,0,23
images_609.jpg,9,1,0,0,0,10
images_610 (2).jpg,4,2,1,0,0,7
images_610.jpg,0,3,0,0,0,3
images_611 (2).jpg,3,0,2,0,0,5
images_611.jpg,21,3,0,0,0,24
images_612 (2).jpg,3,0,0,0,0,3
images_612.jpg,8,3,0,0,0,11
images_614.jpg,9,0,1,0,0,10
images_615.jpg,6,0,3,0,0,9
images_616 (2).jpg,2,0,1,0,0,3
images_616.jpg,12,5,4,0,0,21
images_617 (2).jpg,23,0,1,0,0,24
images_617 (3).jpg,0,0,1,0,0,1
images_617.jpg,5,0,1,0,0,6
images_618 (2).jpg,9,0,0,0,0,9
images_618 (3).jpg,1,0,0,0,0,1
images_618.jpg,18,4,2,0,0,24
images_619 (2).jpg,0,0,1,0,0,1
images_619.jpg,11,3,2,0,0,16
images_620.jpg,6,0,0,0,0,6
images_621.jpg,0,0,0,0,0,0
images_623.jpg,24,0,0,0,0,24
images_624 (2).jpg,8,4,1,0,0,13
images_624.jpg,18,0,3,0,0,21
images_625.jpg,3,0,0,0,0,3
images_627.jpg,15,1,1,0,0,17
images_628 (2).jpg,4,8,2,0,0,14
images_628.jpg,7,0,0,0,0,7
images_629.jpg,13,1,1,0,0,15
images_630.jpg,0,0,0,0,0,0
images_631 (2).jpg,14,1,1,0,0,16
images_631.jpg,14,3,2,1,0,20
images_632.jpg,11,8,0,0,0,19
images_633.jpg,11,1,2,0,0,14
images_634.jpg,5,0,1,0,0,6
images_635 (2).jpg,20,1,1,1,0,23
images_635.jpg,14,2,0,0,0,16
images_636 (2).jpg,2,1,0,0,0,3
images_636.jpg,24,0,0,0,0,24
images_637 (2).jpg,16,0,0,0,0,16
images_637.jpg,12,0,3,0,0,15
images_638.jpg,11,4,5,0,0,20
images_639 (2).jpg,9,5,0,0,0,14
images_639 (3).jpg,3,0,5,0,0,8
images_639.jpg,7,0,0,0,0,7
images_640 (2).jpg,6,3,0,0,0,9
images_640.jpg,16,0,2,0,0,18
images_641.jpg,12,5,0,0,0,17
images_642 (2).jpg,23,6,1,0,0,30
images_642 (3).jpg,18,7,6,0,0,31
images_642 (4).jpg,4,0,0,0,0,4
images_642.jpg,18,1,0,0,0,19
images_643 (2).jpg,3,0,0,0,0,3
images_643.jpg,24,10,0,0,0,34
images_644 (2).jpg,18,1,1,0,0,20
images_644.jpg,9,2,2,0,0,13
images_645 (2).jpg,17,2,0,0,0,19
images_645.jpg,13,0,0,0,0,13
images_646 (2).jpg,22,2,0,0,0,24
images_646 (3).jpg,3,10,0,0,0,13
images_646.jpg,14,2,2,0,0,18
images_647.jpg,6,3,1,1,0,11
images_648 (2).jpg,13,3,0,1,0,17
images_648.jpg,10,2,3,0,0,15
images_649 (2).jpg,9,0,1,0,0,10
images_649 (3).jpg,9,0,1,0,0,10
images_649.jpg,4,8,1,2,0,15
images_650.jpg,16,1,7,0,0,24
images_651.jpg,15,2,1,0,0,18
images_652.jpg,8,8,5,0,0,21
images_653 (2).jpg,9,0,0,0,0,9
images_653.jpg,13,1,0,0,0,14
images_654.jpg,2,0,1,0,0,3
images_655.jpg,15,2,2,0,0,19
images_656.jpg,0,0,0,0,0,0
images_657.jpg,6,3,0,0,0,9
images_658 (2).jpg,6,0,0,0,0,6
images_658.jpg,7,0,1,0,0,8
images_659.jpg,7,2,0,0,0,9
images_660.jpg,0,0,0,0,0,0
images_661 (2).jpg,5,2,1,1,0,9
images_661.jpg,22,0,3,0,0,25
images_662 (2).jpg,10,1,2,0,0,13
images_662.jpg,0,0,2,0,0,2
images_663 (2).jpg,1,0,0,0,0,1
images_663.jpg,7,1,0,0,0,8
images_664 (2).jpg,7,0,4,0,0,11
images_664 (3).jpg,13,2,0,0,0,15
images_664.jpg,9,3,0,0,0,12
images_665 (2).jpg,7,0,0,0,0,7
images_665 (3).jpg,6,0,1,0,0,7
images_665 (4).jpg,2,0,0,0,0,2
images_665.jpg,10,2,0,0,0,12
images_666.jpg,7,12,0,0,0,19
images_667 (2).jpg,1,0,0,0,0,1
images_667.jpg,0,0,0,0,0,0
images_668.jpg,18,0,0,0,0,18
images_669 (2).jpg,19,0,1,0,0,20
images_669.jpg,16,2,2,0,0,20
images_670.jpg,20,0,2,0,0,22
images_671.jpg,4,0,0,0,0,4
images_672.jpg,17,5,0,2,0,24
images_673 (2).jpg,23,5,0,0,0,28
images_673 (3).jpg,11,0,0,0,0,11
images_673.jpg,5,0,0,0,0,5
images_674.jpg,7,0,0,0,0,7
images_675 (2).jpg,6,1,0,0,0,7
images_675.jpg,2,3,3,0,0,8
images_676 (2).jpg,1,0,0,0,0,1
images_676.jpg,8,6,0,0,0,14
images_678 (2).jpg,9,1,2,0,0,12
images_678 (3).jpg,6,11,1,0,0,18
images_678.jpg,26,0,2,0,0,28
images_679 (2).jpg,20,1,0,0,0,21
images_679.jpg,9,8,3,0,0,20
images_680 (2).jpg,0,0,0,0,0,0
images_680.jpg,5,5,5,0,0,15
images_681 (2).jpg,3,1,0,0,0,4
images_681 (3).jpg,3,2,0,0,0,5
images_681.jpg,5,1,2,0,0,8
images_682.jpg,14,3,2,0,0,19
images_683 (2).jpg,2,3,1,0,0,6
images_683.jpg,8,0,2,0,0,10
images_684.jpg,9,5,0,0,0,14
images_686.jpg,24,0,0,0,0,24
images_690 (2).jpg,3,0,0,0,0,3
images_690.jpg,33,4,1,0,0,38
images_692 (2).jpg,3,2,1,0,0,6
images_692 (3).jpg,25,1,2,0,0,28
images_692.jpg,1,0,0,0,0,1
images_693.jpg,2,0,0,0,0,2
images_694.jpg,27,3,1,0,0,31
images_695.jpg,2,0,0,0,0,2
images_697.jpg,13,13,0,0,0,26
images_698.jpg,9,8,1,1,0,19
images_699.jpg,22,5,1,0,0,28
images_700.jpg,18,0,1,0,0,19
images_702 (2).jpg,5,0,0,0,0,5
images_702.jpg,7,0,1,0,0,8
images_703 (2).jpg,0,1,4,0,0,5
images_703.jpg,13,3,0,0,0,16
images_707.jpg,4,0,2,0,0,6
images_708.jpg,3,1,0,0,0,4
images_710.jpg,0,0,0,0,0,0
images_711.jpg,0,0,0,0,0,0
images_712 (2).jpg,0,0,0,0,0,0
images_712.jpg,11,0,1,0,1,13
images_713 (2).jpg,6,0,1,0,0,7
images_713.jpg,26,1,4,1,0,32
images_714 (2).jpg,7,12,0,0,0,19
images_714.jpg,8,0,0,0,0,8
images_715.jpg,2,0,0,0,0,2
images_717.jpg,6,5,0,0,0,11
images_718.jpg,5,1,1,0,0,7
images_719.jpg,8,1,0,0,0,9
images_720 (2).jpg,1,0,0,0,0,1
images_720.jpg,8,3,2,0,0,13
images_721.jpg,15,0,1,0,0,16
images_722.jpg,0,1,1,0,0,2
images_723 (2).jpg,11,0,3,0,0,14
images_723.jpg,25,4,3,0,0,32
images_724.jpg,22,3,1,0,0,26
images_725 (2).jpg,9,5,2,0,0,16
images_725.jpg,9,0,0,0,0,9
images_726 (2).jpg,2,0,1,0,0,3
images_726.jpg,29,1,0,0,0,30
images_731.jpg,0,1,5,0,0,6
images_732.jpg,14,3,2,0,0,19
images_733.jpg,0,0,0,0,0,0
images_741.jpg,25,8,0,0,0,33
images_742.jpg,16,2,2,0,0,20
images_748.jpg,26,3,2,0,0,31
images_752.jpg,31,4,1,0,0,36
images_755.jpg,6,0,1,0,0,7
images_758.jpg,7,1,2,0,0,10
images_763.jpg,3,0,2,0,0,5
images_765.jpg,17,7,1,0,0,25
images_766.jpg,3,0,1,0,0,4
images_769.jpg,16,3,3,0,0,22
images_771.jpg,16,2,0,0,0,18
images_774.jpg,11,6,2,0,0,19
images_776.jpg,15,4,0,0,0,19
images_777.jpg,16,5,1,0,0,22
images_779.jpg,20,3,0,0,0,23
images_782.jpg,10,4,0,0,0,14
images_785.jpg,19,2,0,0,0,21
images_791.jpg,16,0,0,0,0,16
images_796.jpg,9,17,0,0,0,26
images_797.jpg,5,0,0,0,0,5
images_798.jpg,3,0,0,7,0,10
images_799.jpg,11,0,0,0,0,11
images_801.jpg,13,0,1,0,0,14
images_803.jpg,6,0,0,0,0,6
images_810.jpg,15,0,1,2,0,18
images_812.jpg,15,3,0,1,0,19
irina_kukuts-car-3286932_1920.jpg.jpeg,13,3,1,0,0,17
martine87-cab-453028_1920.jpg.jpeg,8,4,0,0,0,12
monikap-traffic-jam-2286005_1920.jpg.jpeg,21,2,10,0,0,33
