avg_car_count,avg_bus_count,avg_truck_count,avg_motorcycle_count,avg_bicycle_count,avg_total_vehicle_count,max_vehicle_count,unique_vehicle_count,traffic_flow,traffic_density
0.5,0.0,0.0,0.0,0.0,0.5,2,2,0.5,LOW
2.0,0.0,0.0,0.0,0.0,2.0,4,4,2.0,LOW
0.6,0.0,0.0,0.0,0.0,0.6,1,1,0.6,LOW
0.3,0.0,0.0,0.0,0.0,0.3,1,1,0.3,LOW
0.2,0.0,0.0,0.0,0.0,0.2,1,1,0.2,LOW
0.6,0.0,0.0,0.0,0.0,0.6,2,2,0.6,LOW
1.0,0.0,0.0,0.0,0.0,1.0,1,1,1.0,LOW
7.8,2.9,0.6,0.2,0.0,11.5,17,17,11.5,HIGH
5.2857,2.0,0.8571,0.5714,0.0,8.7143,12,12,8.7143,MEDIUM
4.4444,2.3333,1.4444,0.0,0.0,8.2222,10,10,6.8519,MEDIUM
4.0,2.125,0.75,0.0,0.0,6.875,8,8,5.7292,MEDIUM
4.4,3.6,0.2,0.0,0.0,8.2,10,10,6.8333,MEDIUM
4.9,0.35,0.05,13.25,0.0,18.55,31,31,37.0629,HIGH
3.8,0.9,0.2,13.5,0.0,18.4,24,24,36.7632,HIGH
8.1765,0.0,0.2353,0.5882,0.0,9.0,15,15,15.0,MEDIUM
4.1667,0.0,0.0,1.1667,0.0,5.3333,11,11,8.8889,MEDIUM
9.35,1.05,0.2,0.0,0.0,10.6,18,18,21.1788,HIGH
12.3636,0.5455,0.4545,0.0,0.0,13.3636,17,17,26.7005,HIGH
8.0,3.875,0.875,0.0,0.0,12.75,16,16,10.2,HIGH
7.75,3.5,2.25,0.75,0.0,14.25,16,16,11.4,HIGH
