video_id,video_name,frame_number,timestamp_seconds,car_count,bus_count,truck_count,motorcycle_count,bicycle_count,total_vehicle_count,unique_vehicle_count,average_vehicle_confidence,average_vehicle_movement,approximate_average_speed,traffic_flow,congestion_score
video_0001,sample video (1).mp4,0,0.0,0,0,0,0,0,0,0,0.0,0.0,0.0,0.0,0.0
video_0001,sample video (1).mp4,30,1.0,2,0,0,0,0,2,2,0.5277,0.0,0.0,2.0,0.1
video_0001,sample video (1).mp4,60,2.0,1,0,0,0,0,1,1,0.6408,0.0,0.0,1.0,0.05
video_0001,sample video (1).mp4,90,3.0,4,0,1,0,0,5,5,0.5584,5.4033,5.4033,5.0,0.25
video_0001,sample video (1).mp4,120,4.0,2,0,1,0,0,3,3,0.4832,44.6033,44.6033,3.0,0.15
video_0001,sample video (1).mp4,150,5.0,2,0,0,0,0,2,2,0.6437,12.53,12.53,2.0,0.1
video_0001,sample video (1).mp4,180,6.0,1,0,0,0,0,1,1,0.5731,77.579,77.579,1.0,0.05
video_0001,sample video (1).mp4,210,7.0,1,0,0,0,0,1,1,0.3859,0.7071,0.7071,1.0,0.05
video_0001,sample video (1).mp4,240,8.0,3,0,0,0,0,3,3,0.3682,30.5022,30.5022,3.0,0.15
video_0001,sample video (1).mp4,270,9.0,5,0,0,0,0,5,5,0.3981,35.9558,35.9558,5.0,0.25
video_0001,sample video (1).mp4,300,10.0,6,0,0,0,0,6,6,0.5411,32.252,32.252,6.0,0.3
video_0001,sample video (1).mp4,330,11.0,7,0,0,0,0,7,7,0.483,31.7131,31.7131,7.0,0.35
video_0001,sample video (1).mp4,360,12.0,3,0,1,0,0,4,4,0.5496,14.8375,14.8375,4.0,0.2
video_0001,sample video (1).mp4,390,13.0,4,0,2,0,0,6,6,0.5927,25.7918,25.7918,6.0,0.3
video_0001,sample video (1).mp4,420,14.0,2,0,0,0,0,2,2,0.5797,31.4776,31.4776,2.0,0.1
video_0001,sample video (1).mp4,450,15.0,2,0,0,0,0,2,2,0.5261,20.9255,20.9255,2.0,0.1
video_0001,sample video (1).mp4,480,16.0,4,1,0,0,0,5,5,0.4644,21.8084,21.8084,5.0,0.25
video_0001,sample video (1).mp4,510,17.0,1,0,0,0,0,1,1,0.2878,25.6223,25.6223,1.0,0.05
video_0001,sample video (1).mp4,540,18.0,1,0,0,0,0,1,1,0.8153,43.0029,43.0029,1.0,0.05
video_0001,sample video (1).mp4,570,19.0,2,0,0,0,0,2,2,0.3798,6.27,6.27,2.0,0.1
video_0001,sample video (1).mp4,600,20.0,2,0,0,0,0,2,2,0.5129,24.7201,24.7201,2.0,0.1
video_0002,sample video (10).mp4,0,0.0,6,0,0,0,0,6,6,0.5296,0.0,0.0,6.0,0.3
video_0002,sample video (10).mp4,30,1.0,6,0,0,0,0,6,6,0.5021,1.0127,1.0127,6.0,0.3
video_0002,sample video (10).mp4,60,2.0,9,0,0,0,0,9,9,0.4521,0.5908,0.5908,9.0,0.45
video_0002,sample video (10).mp4,90,3.0,7,0,0,0,0,7,7,0.4679,0.9193,0.9193,7.0,0.35
video_0002,sample video (10).mp4,120,4.0,11,0,0,0,0,11,11,0.4633,13.5863,13.5863,11.0,0.55
video_0002,sample video (10).mp4,150,5.0,10,0,0,0,0,10,10,0.4527,0.7869,0.7869,10.0,0.5
video_0002,sample video (10).mp4,180,6.0,8,0,0,0,0,8,8,0.4985,23.6003,23.6003,8.0,0.4
video_0002,sample video (10).mp4,210,7.0,8,0,0,0,0,8,8,0.4603,10.8926,10.8926,8.0,0.4
video_0002,sample video (10).mp4,240,8.0,5,0,0,0,0,5,5,0.5235,15.6243,15.6243,5.0,0.25
video_0002,sample video (10).mp4,270,9.0,6,0,0,0,0,6,6,0.4725,20.5865,20.5865,6.0,0.3
video_0002,sample video (10).mp4,300,10.0,7,0,0,0,0,7,7,0.4896,14.7514,14.7514,7.0,0.35
video_0002,sample video (10).mp4,330,11.0,6,0,0,0,0,6,6,0.4886,19.8753,19.8753,6.0,0.3
video_0002,sample video (10).mp4,360,12.0,4,0,0,0,0,4,4,0.5008,20.7462,20.7462,4.0,0.2
video_0002,sample video (10).mp4,390,13.0,3,0,0,0,0,3,3,0.4472,3.0326,3.0326,3.0,0.15
video_0002,sample video (10).mp4,420,14.0,3,0,0,0,0,3,3,0.6311,15.7919,15.7919,3.0,0.15
video_0002,sample video (10).mp4,450,15.0,6,0,0,0,0,6,6,0.4791,22.8576,22.8576,6.0,0.3
video_0002,sample video (10).mp4,480,16.0,3,0,0,0,0,3,3,0.5738,2.7131,2.7131,3.0,0.15
video_0002,sample video (10).mp4,510,17.0,3,0,0,0,0,3,3,0.5112,11.4283,11.4283,3.0,0.15
video_0002,sample video (10).mp4,540,18.0,6,0,0,0,0,6,6,0.534,21.8097,21.8097,6.0,0.3
video_0002,sample video (10).mp4,570,19.0,10,0,0,0,0,10,10,0.4819,3.0366,3.0366,10.0,0.5
video_0002,sample video (10).mp4,600,20.0,6,0,0,0,0,6,6,0.4819,1.3858,1.3858,6.0,0.3
video_0002,sample video (10).mp4,630,21.0,3,0,0,0,0,3,3,0.4981,4.9074,4.9074,3.0,0.15
video_0002,sample video (10).mp4,660,22.0,2,0,0,0,0,2,2,0.6812,2.9275,2.9275,2.0,0.1
video_0002,sample video (10).mp4,690,23.0,4,0,0,0,0,4,4,0.4747,6.5456,6.5456,4.0,0.2
video_0002,sample video (10).mp4,720,24.0,4,1,0,0,0,5,5,0.4454,10.5514,10.5514,5.0,0.25
video_0002,sample video (10).mp4,750,25.0,7,0,0,0,0,7,7,0.4482,14.3741,14.3741,7.0,0.35
video_0002,sample video (10).mp4,780,26.0,3,0,0,0,0,3,3,0.5295,22.7941,22.7941,3.0,0.15
video_0002,sample video (10).mp4,810,27.0,3,0,0,0,0,3,3,0.5016,0.6381,0.6381,3.0,0.15
video_0002,sample video (10).mp4,840,28.0,5,0,0,0,0,5,5,0.5014,0.6657,0.6657,5.0,0.25
video_0002,sample video (10).mp4,870,29.0,6,0,0,0,0,6,6,0.4477,0.7899,0.7899,6.0,0.3
video_0002,sample video (10).mp4,900,30.0,3,0,0,0,0,3,3,0.5766,6.568,6.568,3.0,0.15
video_0002,sample video (10).mp4,930,31.0,5,0,0,0,0,5,5,0.5343,4.845,4.845,5.0,0.25
video_0002,sample video (10).mp4,960,32.0,12,0,0,0,0,12,12,0.4251,18.0205,18.0205,12.0,0.6
video_0002,sample video (10).mp4,990,33.0,8,0,0,0,0,8,8,0.4318,0.94,0.94,8.0,0.4
video_0002,sample video (10).mp4,1020,34.0,9,0,0,0,0,9,9,0.495,3.8046,3.8046,9.0,0.45
video_0002,sample video (10).mp4,1050,35.0,8,0,0,0,0,8,8,0.4999,8.9375,8.9375,8.0,0.4
video_0002,sample video (10).mp4,1080,36.0,12,0,0,0,0,12,12,0.4527,20.0875,20.0875,12.0,0.6
video_0002,sample video (10).mp4,1110,37.0,10,0,0,0,0,10,10,0.4519,19.7812,19.7812,10.0,0.5
video_0002,sample video (10).mp4,1140,38.0,10,0,0,0,0,10,10,0.4391,6.8807,6.8807,10.0,0.5
video_0002,sample video (10).mp4,1170,39.0,8,0,0,0,0,8,8,0.4139,14.7248,14.7248,8.0,0.4
video_0002,sample video (10).mp4,1200,40.0,7,0,0,0,0,7,7,0.4606,3.5996,3.5996,7.0,0.35
video_0002,sample video (10).mp4,1230,41.0,8,0,0,0,0,8,8,0.3792,4.3636,4.3636,8.0,0.4
video_0002,sample video (10).mp4,1260,42.0,7,0,0,0,0,7,7,0.4735,12.6445,12.6445,7.0,0.35
video_0002,sample video (10).mp4,1290,43.0,8,0,0,0,0,8,8,0.4257,8.1745,8.1745,8.0,0.4
video_0002,sample video (10).mp4,1320,44.0,10,0,0,0,0,10,10,0.4055,1.3139,1.3139,10.0,0.5
video_0002,sample video (10).mp4,1350,45.0,8,0,0,0,0,8,8,0.4599,12.7358,12.7358,8.0,0.4
video_0002,sample video (10).mp4,1380,46.0,8,0,0,0,0,8,8,0.4306,14.0897,14.0897,8.0,0.4
video_0002,sample video (10).mp4,1410,47.0,9,0,0,0,0,9,9,0.4882,6.6108,6.6108,9.0,0.45
video_0002,sample video (10).mp4,1440,48.0,7,0,0,0,0,7,7,0.4961,5.932,5.932,7.0,0.35
video_0002,sample video (10).mp4,1470,49.0,13,0,0,0,0,13,13,0.4008,14.4972,14.4972,13.0,0.65
video_0002,sample video (10).mp4,1500,50.0,14,0,0,0,0,14,14,0.4814,19.6722,19.6722,14.0,0.7
video_0002,sample video (10).mp4,1530,51.0,13,0,0,0,0,13,13,0.4709,9.1348,9.1348,13.0,0.65
video_0002,sample video (10).mp4,1560,52.0,14,0,0,0,0,14,14,0.4353,11.4992,11.4992,14.0,0.7
video_0002,sample video (10).mp4,1590,53.0,10,0,0,0,0,10,10,0.4408,10.9625,10.9625,10.0,0.5
video_0002,sample video (10).mp4,1620,54.0,11,0,0,0,0,11,11,0.4293,21.3054,21.3054,11.0,0.55
video_0002,sample video (10).mp4,1650,55.0,12,0,0,0,0,12,12,0.4038,12.3556,12.3556,12.0,0.6
video_0002,sample video (10).mp4,1680,56.0,8,0,0,0,0,8,8,0.4113,11.0494,11.0494,8.0,0.4
video_0002,sample video (10).mp4,1710,57.0,6,0,0,0,0,6,6,0.4484,16.6018,16.6018,6.0,0.3
video_0002,sample video (10).mp4,1740,58.0,8,0,0,0,0,8,8,0.4238,8.7886,8.7886,8.0,0.4
video_0002,sample video (10).mp4,1770,59.0,5,0,0,0,0,5,5,0.455,16.8648,16.8648,5.0,0.25
video_0002,sample video (10).mp4,1800,60.0,6,0,0,0,0,6,6,0.5446,18.1484,18.1484,6.0,0.3
video_0003,sample video (11).mp4,0,0.0,1,0,0,0,0,1,1,0.2764,0.0,0.0,1.0,0.05
video_0003,sample video (11).mp4,30,1.0,2,0,0,0,0,2,2,0.2686,2.0,2.0,2.0,0.1
video_0003,sample video (11).mp4,60,2.0,0,0,0,0,0,0,0,0.0,0.0,0.0,0.0,0.0
video_0003,sample video (11).mp4,90,3.0,1,0,0,0,0,1,1,0.2693,24.5051,24.5051,1.0,0.05
video_0003,sample video (11).mp4,120,4.0,1,0,0,0,0,1,1,0.2703,3.6401,3.6401,1.0,0.05
video_0003,sample video (11).mp4,150,5.0,0,0,0,0,0,0,0,0.0,0.0,0.0,0.0,0.0
video_0003,sample video (11).mp4,180,6.0,0,0,0,0,0,0,0,0.0,0.0,0.0,0.0,0.0
video_0003,sample video (11).mp4,210,7.0,0,0,0,0,0,0,0,0.0,0.0,0.0,0.0,0.0
video_0003,sample video (11).mp4,240,8.0,0,0,0,0,0,0,0,0.0,0.0,0.0,0.0,0.0
video_0003,sample video (11).mp4,270,9.0,0,0,0,0,0,0,0,0.0,0.0,0.0,0.0,0.0
video_0003,sample video (11).mp4,300,10.0,0,0,0,0,0,0,0,0.0,0.0,0.0,0.0,0.0
video_0003,sample video (11).mp4,330,11.0,0,0,0,0,0,0,0,0.0,0.0,0.0,0.0,0.0
video_0003,sample video (11).mp4,360,12.0,1,0,0,0,0,1,1,0.3643,0.0,0.0,1.0,0.05
video_0003,sample video (11).mp4,390,13.0,3,0,0,0,0,3,3,0.3364,18.6786,18.6786,3.0,0.15
video_0003,sample video (11).mp4,420,14.0,2,0,0,0,0,2,2,0.3807,38.4098,38.4098,2.0,0.1
video_0003,sample video (11).mp4,450,15.0,3,0,0,0,0,3,3,0.5196,3.8006,3.8006,3.0,0.15
video_0003,sample video (11).mp4,480,16.0,3,0,0,0,0,3,3,0.5045,14.7667,14.7667,3.0,0.15
video_0003,sample video (11).mp4,510,17.0,3,0,0,0,0,3,3,0.439,38.9167,38.9167,3.0,0.15
video_0003,sample video (11).mp4,540,18.0,4,0,0,0,0,4,4,0.4514,27.0945,27.0945,4.0,0.2
video_0003,sample video (11).mp4,570,19.0,1,0,0,0,0,1,1,0.3929,0.0,0.0,1.0,0.05
video_0003,sample video (11).mp4,600,20.0,1,0,0,0,0,1,1,0.2857,0.0,0.0,1.0,0.05
video_0003,sample video (11).mp4,630,21.0,0,0,0,0,0,0,0,0.0,0.0,0.0,0.0,0.0
video_0003,sample video (11).mp4,660,22.0,1,0,0,0,0,1,1,0.3833,54.5894,54.5894,1.0,0.05
video_0003,sample video (11).mp4,690,23.0,1,0,0,0,0,1,1,0.3831,38.9679,38.9679,1.0,0.05
video_0003,sample video (11).mp4,720,24.0,1,0,0,0,0,1,1,0.6075,64.5949,64.5949,1.0,0.05
video_0003,sample video (11).mp4,750,25.0,0,0,0,0,0,0,0,0.0,0.0,0.0,0.0,0.0
video_0003,sample video (11).mp4,780,26.0,0,0,0,0,0,0,0,0.0,0.0,0.0,0.0,0.0
video_0003,sample video (11).mp4,810,27.0,0,0,0,0,0,0,0,0.0,0.0,0.0,0.0,0.0
video_0003,sample video (11).mp4,840,28.0,1,0,0,0,0,1,1,0.3376,0.0,0.0,1.0,0.05
video_0003,sample video (11).mp4,870,29.0,1,0,0,0,0,1,1,0.2606,31.0846,31.0846,1.0,0.05
video_0003,sample video (11).mp4,900,30.0,0,0,0,0,0,0,0,0.0,0.0,0.0,0.0,0.0
video_0003,sample video (11).mp4,930,31.0,0,0,0,0,0,0,0,0.0,0.0,0.0,0.0,0.0
video_0003,sample video (11).mp4,960,32.0,0,0,0,0,0,0,0,0.0,0.0,0.0,0.0,0.0
video_0003,sample video (11).mp4,990,33.0,1,0,0,0,0,1,1,0.2612,0.0,0.0,1.0,0.05
video_0003,sample video (11).mp4,1020,34.0,0,0,0,0,0,0,0,0.0,0.0,0.0,0.0,0.0
video_0003,sample video (11).mp4,1050,35.0,0,0,0,0,0,0,0,0.0,0.0,0.0,0.0,0.0
video_0003,sample video (11).mp4,1080,36.0,1,0,0,0,0,1,1,0.3496,0.0,0.0,1.0,0.05
video_0003,sample video (11).mp4,1110,37.0,0,0,0,0,0,0,0,0.0,0.0,0.0,0.0,0.0
video_0003,sample video (11).mp4,1140,38.0,0,0,0,0,0,0,0,0.0,0.0,0.0,0.0,0.0
video_0003,sample video (11).mp4,1170,39.0,1,0,0,0,0,1,1,0.3945,0.0,0.0,1.0,0.05
video_0003,sample video (11).mp4,1200,40.0,0,0,0,0,0,0,0,0.0,0.0,0.0,0.0,0.0
video_0003,sample video (11).mp4,1230,41.0,0,0,0,0,0,0,0,0.0,0.0,0.0,0.0,0.0
video_0003,sample video (11).mp4,1260,42.0,1,0,0,0,0,1,1,0.3649,27.1892,27.1892,1.0,0.05
video_0003,sample video (11).mp4,1290,43.0,0,0,0,0,0,0,0,0.0,0.0,0.0,0.0,0.0
video_0003,sample video (11).mp4,1320,44.0,0,0,0,0,0,0,0,0.0,0.0,0.0,0.0,0.0
video_0003,sample video (11).mp4,1350,45.0,0,0,0,0,0,0,0,0.0,0.0,0.0,0.0,0.0
video_0003,sample video (11).mp4,1380,46.0,0,0,0,0,0,0,0,0.0,0.0,0.0,0.0,0.0
video_0003,sample video (11).mp4,1410,47.0,0,0,0,0,0,0,0,0.0,0.0,0.0,0.0,0.0
video_0003,sample video (11).mp4,1440,48.0,0,0,0,0,0,0,0,0.0,0.0,0.0,0.0,0.0
video_0003,sample video (11).mp4,1470,49.0,1,0,0,0,0,1,1,0.4734,0.0,0.0,1.0,0.05
video_0003,sample video (11).mp4,1500,50.0,1,0,0,0,0,1,1,0.7988,0.0,0.0,1.0,0.05
video_0003,sample video (11).mp4,1530,51.0,2,0,0,0,0,2,2,0.4682,0.0,0.0,2.0,0.1
video_0003,sample video (11).mp4,1560,52.0,2,0,0,0,0,2,2,0.3155,1.2748,1.2748,2.0,0.1
video_0003,sample video (11).mp4,1590,53.0,0,0,0,0,0,0,0,0.0,0.0,0.0,0.0,0.0
video_0003,sample video (11).mp4,1620,54.0,0,0,0,0,0,0,0,0.0,0.0,0.0,0.0,0.0
video_0003,sample video (11).mp4,1650,55.0,0,0,0,0,0,0,0,0.0,0.0,0.0,0.0,0.0
video_0003,sample video (11).mp4,1680,56.0,0,0,0,0,0,0,0,0.0,0.0,0.0,0.0,0.0
video_0003,sample video (11).mp4,1710,57.0,0,0,0,0,0,0,0,0.0,0.0,0.0,0.0,0.0
video_0003,sample video (11).mp4,1740,58.0,1,0,0,0,0,1,1,0.3282,54.6923,54.6923,1.0,0.05
video_0003,sample video (11).mp4,1770,59.0,0,0,0,0,0,0,0,0.0,0.0,0.0,0.0,0.0
video_0003,sample video (11).mp4,1800,60.0,1,0,0,0,0,1,1,0.2713,0.0,0.0,1.0,0.05
video_0004,sample video (2).mp4,0,0.0,9,3,0,0,0,12,12,0.3825,0.0,0.0,12.0,0.6
video_0004,sample video (2).mp4,30,1.0,8,2,0,0,0,10,10,0.4582,4.5222,4.5222,10.0,0.5
video_0004,sample video (2).mp4,60,2.0,7,4,1,0,0,12,12,0.4826,8.5533,8.5533,12.0,0.6
video_0004,sample video (2).mp4,90,3.0,6,4,0,2,0,12,12,0.4032,15.9082,15.9082,12.0,0.6
video_0004,sample video (2).mp4,120,4.0,3,5,1,0,0,9,9,0.3805,18.4651,18.4651,9.0,0.45
video_0004,sample video (2).mp4,150,5.0,9,1,1,0,0,11,11,0.4151,23.5342,23.5342,11.0,0.55
video_0004,sample video (2).mp4,180,6.0,6,2,0,0,0,8,8,0.4762,27.6129,27.6129,8.0,0.4
video_0004,sample video (2).mp4,210,7.0,10,3,1,0,0,14,14,0.4314,17.9116,17.9116,14.0,0.7
video_0004,sample video (2).mp4,240,8.0,12,3,2,0,0,17,17,0.398,22.4658,22.4658,17.0,0.85
video_0004,sample video (2).mp4,270,9.0,8,2,0,0,0,10,10,0.5,29.6105,29.6105,10.0,0.5
video_0004,sample video (2).mp4,300,10.0,6,4,1,0,0,11,11,0.4976,26.0189,26.0189,11.0,0.55
video_0004,sample video (2).mp4,330,11.0,7,1,0,0,0,8,8,0.6049,37.9707,37.9707,8.0,0.4
video_0004,sample video (2).mp4,360,12.0,5,4,1,2,0,12,12,0.4531,12.5082,12.5082,12.0,0.6
video_0004,sample video (2).mp4,390,13.0,4,2,1,0,0,7,7,0.5226,24.5015,24.5015,7.0,0.35
video_0004,sample video (2).mp4,420,14.0,7,1,0,1,0,9,9,0.4563,25.7997,25.7997,9.0,0.45
video_0004,sample video (2).mp4,450,15.0,5,0,0,1,0,6,6,0.4362,36.8224,36.8224,6.0,0.3
video_0004,sample video (2).mp4,480,16.0,3,2,3,0,0,8,8,0.4055,16.4058,16.4058,8.0,0.4
video_0005,sample video (4).mp4,0,0.0,11,0,0,0,0,11,11,0.4912,0.0,0.0,9.1667,0.55
video_0005,sample video (4).mp4,30,1.2,13,0,0,0,0,13,13,0.4419,14.9585,12.4654,10.8333,0.65
video_0005,sample video (4).mp4,60,2.4,9,0,1,0,0,10,10,0.5326,8.5575,7.1312,8.3333,0.5
video_0005,sample video (4).mp4,90,3.6,11,0,2,0,0,13,13,0.4418,16.4855,13.738,10.8333,0.65
video_0005,sample video (4).mp4,120,4.8,10,0,0,0,0,10,10,0.467,18.5636,15.4697,8.3333,0.5
video_0005,sample video (4).mp4,150,6.0,7,0,1,0,0,8,8,0.4985,10.4736,8.728,6.6667,0.4
video_0005,sample video (4).mp4,180,7.2,7,0,1,0,0,8,8,0.4394,9.6187,8.0155,6.6667,0.4
video_0005,sample video (4).mp4,210,8.4,8,0,0,0,0,8,8,0.4567,24.705,20.5875,6.6667,0.4
video_0005,sample video (4).mp4,240,9.6,6,0,1,0,0,7,7,0.5122,2.1555,1.7963,5.8333,0.35
video_0005,sample video (4).mp4,270,10.8,8,0,0,0,0,8,8,0.4332,12.5995,10.4996,6.6667,0.4
video_0005,sample video (4).mp4,300,12.0,5,0,1,0,0,6,6,0.6142,18.4421,15.3684,5.0,0.3
video_0005,sample video (4).mp4,330,13.2,6,0,2,0,0,8,8,0.5931,3.1142,2.5951,6.6667,0.4
video_0005,sample video (4).mp4,360,14.4,5,0,1,0,0,6,6,0.4915,17.9848,14.9873,5.0,0.3
video_0005,sample video (4).mp4,390,15.6,4,0,3,0,0,7,7,0.4009,27.3849,22.8207,5.8333,0.35
video_0005,sample video (4).mp4,420,16.8,6,0,2,0,0,8,8,0.4447,13.8175,11.5146,6.6667,0.4
video_0005,sample video (4).mp4,450,18.0,7,0,0,0,0,7,7,0.5193,22.5905,18.8254,5.8333,0.35
video_0005,sample video (4).mp4,480,19.2,3,0,0,0,0,3,3,0.4882,42.6325,35.5271,2.5,0.15
video_0005,sample video (4).mp4,510,20.4,10,0,0,0,0,10,10,0.4395,26.2997,21.9164,8.3333,0.5
video_0005,sample video (4).mp4,540,21.6,3,0,1,0,0,4,4,0.5407,41.1884,34.3237,3.3333,0.2
video_0005,sample video (4).mp4,570,22.8,5,0,0,0,0,5,5,0.5774,14.0769,11.7307,4.1667,0.25
video_0005,sample video (4).mp4,600,24.0,10,0,1,0,0,11,11,0.4046,11.0421,9.2017,9.1667,0.55
video_0005,sample video (4).mp4,630,25.2,5,0,0,0,0,5,5,0.5944,13.5223,11.2686,4.1667,0.25
video_0005,sample video (4).mp4,660,26.4,7,0,0,0,0,7,7,0.5576,3.6052,3.0043,5.8333,0.35
video_0005,sample video (4).mp4,690,27.6,10,0,0,0,0,10,10,0.4948,17.242,14.3683,8.3333,0.5
video_0005,sample video (4).mp4,720,28.8,8,0,0,0,0,8,8,0.6195,15.9563,13.2969,6.6667,0.4
video_0005,sample video (4).mp4,750,30.0,7,0,0,0,0,7,7,0.4155,19.7832,16.486,5.8333,0.35
video_0005,sample video (4).mp4,780,31.2,7,0,1,0,0,8,8,0.4152,16.4657,13.7215,6.6667,0.4
video_0005,sample video (4).mp4,810,32.4,9,0,1,0,0,10,10,0.5453,12.7747,10.6456,8.3333,0.5
video_0005,sample video (4).mp4,840,33.6,6,0,0,0,0,6,6,0.596,12.6015,10.5012,5.0,0.3
video_0005,sample video (4).mp4,870,34.8,7,0,0,0,0,7,7,0.4993,20.7358,17.2798,5.8333,0.35
video_0005,sample video (4).mp4,900,36.0,9,0,0,0,0,9,9,0.5241,19.1143,15.9286,7.5,0.45
video_0005,sample video (4).mp4,930,37.2,7,0,0,0,0,7,7,0.556,16.4679,13.7232,5.8333,0.35
video_0005,sample video (4).mp4,960,38.4,7,0,0,0,0,7,7,0.5321,16.1286,13.4405,5.8333,0.35
video_0005,sample video (4).mp4,990,39.6,10,0,0,0,0,10,10,0.5159,20.4707,17.0589,8.3333,0.5
video_0005,sample video (4).mp4,1020,40.8,11,0,0,0,0,11,11,0.437,15.4817,12.9014,9.1667,0.55
video_0005,sample video (4).mp4,1050,42.0,11,0,2,0,0,13,13,0.4586,17.4042,14.5035,10.8333,0.65
video_0005,sample video (4).mp4,1080,43.2,12,0,0,0,0,12,12,0.4737,24.0415,20.0346,10.0,0.6
video_0005,sample video (4).mp4,1110,44.4,11,1,1,0,0,13,13,0.5168,20.8527,17.3772,10.8333,0.65
video_0005,sample video (4).mp4,1140,45.6,13,1,2,0,0,16,16,0.4506,14.7557,12.2964,13.3333,0.8
video_0005,sample video (4).mp4,1170,46.8,13,1,0,0,0,14,14,0.5369,23.9063,19.9219,11.6667,0.7
video_0005,sample video (4).mp4,1200,48.0,11,0,1,0,0,12,12,0.4567,22.5485,18.7904,10.0,0.6
video_0005,sample video (4).mp4,1230,49.2,10,2,2,0,0,14,14,0.4299,26.1268,21.7724,11.6667,0.7
video_0005,sample video (4).mp4,1260,50.4,17,0,1,0,0,18,18,0.3912,28.0468,23.3723,15.0,0.9
video_0005,sample video (4).mp4,1290,51.6,14,0,1,0,0,15,15,0.4683,25.3774,21.1479,12.5,0.75
video_0005,sample video (4).mp4,1320,52.8,14,0,2,0,0,16,16,0.462,26.4962,22.0802,13.3333,0.8
video_0005,sample video (4).mp4,1350,54.0,14,1,1,0,0,16,16,0.4888,28.0797,23.3997,13.3333,0.8
video_0005,sample video (4).mp4,1380,55.2,12,2,0,0,0,14,14,0.5192,24.3878,20.3232,11.6667,0.7
video_0005,sample video (4).mp4,1410,56.4,10,2,1,0,0,13,13,0.4934,33.9107,28.2589,10.8333,0.65
video_0005,sample video (4).mp4,1440,57.6,11,4,0,0,0,15,15,0.4901,28.1799,23.4832,12.5,0.75
video_0005,sample video (4).mp4,1470,58.8,10,2,0,0,0,12,12,0.4921,33.3006,27.7505,10.0,0.6
video_0006,sample video (5).mp4,0,0.0,6,2,1,0,0,9,9,0.4078,0.0,0.0,7.5,0.45
video_0006,sample video (5).mp4,30,1.2,5,1,2,0,0,8,8,0.3772,8.0358,6.6965,6.6667,0.4
video_0006,sample video (5).mp4,60,2.4,3,3,3,0,0,9,9,0.4171,7.3455,6.1212,7.5,0.45
video_0006,sample video (5).mp4,90,3.6,3,3,1,0,0,7,7,0.4328,4.2286,3.5238,5.8333,0.35
video_0006,sample video (5).mp4,120,4.8,4,2,2,0,0,8,8,0.384,14.1216,11.768,6.6667,0.4
video_0006,sample video (5).mp4,150,6.0,5,0,1,0,0,6,6,0.4012,6.262,5.2183,5.0,0.3
video_0006,sample video (5).mp4,180,7.2,4,5,1,0,0,10,10,0.3559,7.9971,6.6643,8.3333,0.5
video_0006,sample video (5).mp4,210,8.4,3,4,2,0,0,9,9,0.4174,4.466,3.7217,7.5,0.45
video_0006,sample video (5).mp4,240,9.6,7,1,0,0,0,8,8,0.4138,11.1576,9.298,6.6667,0.4
video_0006,sample video (5).mp4,270,10.8,3,3,0,0,0,6,6,0.5207,6.0297,5.0248,5.0,0.3
video_0006,sample video (5).mp4,300,12.0,3,2,2,0,0,7,7,0.488,4.1067,3.4223,5.8333,0.35
video_0006,sample video (5).mp4,330,13.2,4,1,1,0,0,6,6,0.5272,7.6972,6.4143,5.0,0.3
video_0006,sample video (5).mp4,360,14.4,4,3,0,0,0,7,7,0.4359,9.8177,8.1814,5.8333,0.35
video_0006,sample video (5).mp4,390,15.6,5,1,1,0,0,7,7,0.5156,12.56,10.4666,5.8333,0.35
video_0006,sample video (5).mp4,420,16.8,6,1,1,0,0,8,8,0.4537,7.6824,6.402,6.6667,0.4
video_0006,sample video (5).mp4,450,18.0,4,3,1,0,0,8,8,0.5018,6.9225,5.7688,6.6667,0.4
video_0006,sample video (5).mp4,480,19.2,3,3,0,0,0,6,6,0.541,7.1356,5.9464,5.0,0.3
video_0006,sample video (5).mp4,510,20.4,3,4,0,0,0,7,7,0.4931,6.4229,5.3524,5.8333,0.35
video_0006,sample video (5).mp4,540,21.6,5,4,1,0,0,10,10,0.4345,8.3145,6.9287,8.3333,0.5
video_0006,sample video (5).mp4,570,22.8,4,3,0,0,0,7,7,0.5074,2.36,1.9666,5.8333,0.35
video_0006,sample video (5).mp4,600,24.0,4,4,0,0,0,8,8,0.4738,2.0322,1.6935,6.6667,0.4
video_0006,sample video (5).mp4,630,25.2,6,3,0,0,0,9,9,0.4823,1.9645,1.637,7.5,0.45
video_0007,sample video (6).mp4,0,0.0,4,0,0,11,0,15,15,0.455,0.0,0.0,29.97,0.75
video_0007,sample video (6).mp4,30,0.501,4,0,0,12,0,16,16,0.4925,21.747,43.4506,31.968,0.8
video_0007,sample video (6).mp4,60,1.001,4,0,0,16,0,20,20,0.445,28.6934,57.3295,39.96,1.0
video_0007,sample video (6).mp4,90,1.502,4,0,0,10,0,14,14,0.495,17.4349,34.835,27.972,0.7
video_0007,sample video (6).mp4,120,2.002,3,0,0,11,0,14,14,0.5194,19.9099,39.78,27.972,0.7
video_0007,sample video (6).mp4,150,2.502,4,0,0,7,0,11,11,0.4839,42.2186,84.3528,21.978,0.55
video_0007,sample video (6).mp4,180,3.003,5,1,0,10,0,16,16,0.4168,29.4743,58.8897,31.968,0.8
video_0007,sample video (6).mp4,210,3.504,5,0,0,13,0,18,18,0.4239,29.528,58.997,35.964,0.9
video_0007,sample video (6).mp4,240,4.004,6,0,0,14,0,20,20,0.4727,32.8294,65.5933,39.96,1.0
video_0007,sample video (6).mp4,270,4.505,7,0,0,11,0,18,18,0.4515,28.4118,56.7668,35.964,0.9
video_0007,sample video (6).mp4,300,5.005,6,0,0,13,0,19,19,0.4786,38.5049,76.9329,37.962,0.95
video_0007,sample video (6).mp4,330,5.506,6,0,0,15,0,21,21,0.4515,31.8487,63.6337,41.958,1.0
video_0007,sample video (6).mp4,360,6.006,5,0,0,13,0,18,18,0.4417,36.1485,72.2248,35.964,0.9
video_0007,sample video (6).mp4,390,6.506,9,1,0,21,0,31,31,0.3836,27.4917,54.9285,61.9381,1.0
video_0007,sample video (6).mp4,420,7.007,6,1,1,19,0,27,27,0.4192,25.9339,51.816,53.9461,1.0
video_0007,sample video (6).mp4,450,7.508,5,1,0,12,0,18,18,0.4827,26.0249,51.9978,35.964,0.9
video_0007,sample video (6).mp4,480,8.008,6,0,0,12,0,18,18,0.4594,22.7911,45.5367,35.964,0.9
video_0007,sample video (6).mp4,510,8.508,4,1,0,13,0,18,18,0.4647,29.2621,58.4657,35.964,0.9
video_0007,sample video (6).mp4,540,9.009,2,1,0,16,0,19,19,0.4761,36.1296,72.187,37.962,0.95
video_0007,sample video (6).mp4,570,9.51,3,1,0,16,0,20,20,0.4463,20.2121,40.3838,39.96,1.0
video_0007,sample video (6).mp4,600,10.01,3,1,0,15,0,19,19,0.4368,29.8671,59.6745,37.962,0.95
video_0007,sample video (6).mp4,630,10.511,4,0,0,14,0,18,18,0.4546,30.1248,60.1895,35.964,0.9
video_0007,sample video (6).mp4,660,11.011,4,1,0,19,0,24,24,0.4336,25.2493,50.4482,47.952,1.0
video_0007,sample video (6).mp4,690,11.511,2,1,0,12,0,15,15,0.511,20.7294,41.4175,29.97,0.75
video_0007,sample video (6).mp4,720,12.012,4,1,1,15,0,21,21,0.4213,31.2403,62.4182,41.958,1.0
video_0007,sample video (6).mp4,750,12.513,4,1,0,15,0,20,20,0.4571,32.4819,64.8988,39.96,1.0
video_0007,sample video (6).mp4,780,13.013,5,1,1,11,0,18,18,0.5062,24.823,49.5964,35.964,0.9
video_0007,sample video (6).mp4,810,13.514,4,1,0,10,0,15,15,0.5124,25.6023,51.1535,29.97,0.75
video_0007,sample video (6).mp4,840,14.014,4,1,0,11,0,16,16,0.5036,25.6219,51.1925,31.968,0.8
video_0007,sample video (6).mp4,870,14.514,4,1,0,13,0,18,18,0.494,30.5146,60.9682,35.964,0.9
video_0008,sample video (7).mp4,0,0.0,6,0,1,0,0,7,7,0.4326,0.0,0.0,11.6667,0.35
video_0008,sample video (7).mp4,30,0.6,8,0,1,1,0,10,10,0.3919,7.3761,12.2935,16.6667,0.5
video_0008,sample video (7).mp4,60,1.2,7,0,0,0,0,7,7,0.4282,13.5657,22.6096,11.6667,0.35
video_0008,sample video (7).mp4,90,1.8,8,0,0,0,0,8,8,0.4471,23.5444,39.2407,13.3333,0.4
video_0008,sample video (7).mp4,120,2.4,10,0,0,0,0,10,10,0.4159,49.6259,82.7099,16.6667,0.5
video_0008,sample video (7).mp4,150,3.0,9,0,0,0,0,9,9,0.4866,28.0031,46.6719,15.0,0.45
video_0008,sample video (7).mp4,180,3.6,6,0,0,0,0,6,6,0.4436,10.1922,16.9871,10.0,0.3
video_0008,sample video (7).mp4,210,4.2,9,0,0,0,0,9,9,0.4282,19.5433,32.5722,15.0,0.45
video_0008,sample video (7).mp4,240,4.8,11,0,0,0,0,11,11,0.3893,28.1449,46.9082,18.3333,0.55
video_0008,sample video (7).mp4,270,5.4,11,0,1,2,0,14,14,0.4009,20.6955,34.4926,23.3333,0.7
video_0008,sample video (7).mp4,300,6.0,6,0,1,0,0,7,7,0.4414,17.8797,29.7995,11.6667,0.35
video_0008,sample video (7).mp4,330,6.6,8,0,0,0,0,8,8,0.3979,28.0169,46.6948,13.3333,0.4
video_0008,sample video (7).mp4,360,7.2,7,0,0,0,0,7,7,0.3947,32.651,54.4183,11.6667,0.35
video_0008,sample video (7).mp4,390,7.8,9,0,0,1,0,10,10,0.4229,37.3406,62.2344,16.6667,0.5
video_0008,sample video (7).mp4,420,8.4,7,0,0,0,0,7,7,0.4146,39.7459,66.2432,11.6667,0.35
video_0008,sample video (7).mp4,450,9.0,6,0,0,2,0,8,8,0.4816,15.6636,26.106,13.3333,0.4
video_0008,sample video (7).mp4,480,9.6,11,0,0,4,0,15,15,0.4196,22.851,38.0849,25.0,0.75
video_0008,sample video (7).mp4,510,10.2,8,0,0,1,0,9,9,0.4846,9.196,15.3266,15.0,0.45
video_0008,sample video (7).mp4,540,10.8,8,0,0,0,0,8,8,0.4195,30.4345,50.7242,13.3333,0.4
video_0008,sample video (7).mp4,570,11.4,8,0,0,3,0,11,11,0.4328,27.7812,46.3019,18.3333,0.55
video_0008,sample video (7).mp4,600,12.0,5,0,0,2,0,7,7,0.4531,15.7721,26.2868,11.6667,0.35
video_0008,sample video (7).mp4,630,12.6,5,0,0,1,0,6,6,0.4786,17.0206,28.3677,10.0,0.3
video_0008,sample video (7).mp4,660,13.2,6,0,0,4,0,10,10,0.3983,14.544,24.24,16.6667,0.5
video_0008,sample video (7).mp4,690,13.8,6,0,0,3,0,9,9,0.4813,12.9515,21.5858,15.0,0.45
video_0008,sample video (7).mp4,720,14.4,4,0,0,0,0,4,4,0.5198,13.6055,22.6759,6.6667,0.2
video_0008,sample video (7).mp4,750,15.0,0,0,0,0,0,0,0,0.0,0.0,0.0,0.0,0.0
video_0008,sample video (7).mp4,780,15.6,0,0,0,0,0,0,0,0.0,0.0,0.0,0.0,0.0
video_0008,sample video (7).mp4,810,16.2,0,0,0,0,0,0,0,0.0,0.0,0.0,0.0,0.0
video_0008,sample video (7).mp4,840,16.8,0,0,0,0,0,0,0,0.0,0.0,0.0,0.0,0.0
video_0009,sample video (8).mp4,0,0.0,7,0,1,0,0,8,8,0.3894,0.0,0.0,15.984,0.4
video_0009,sample video (8).mp4,30,0.501,6,1,1,0,0,8,8,0.4095,3.3653,6.7238,15.984,0.4
video_0009,sample video (8).mp4,60,1.001,9,2,0,0,0,11,11,0.3688,13.6763,27.3254,21.978,0.55
video_0009,sample video (8).mp4,90,1.502,5,0,0,0,0,5,5,0.4858,18.0804,36.1248,9.99,0.25
video_0009,sample video (8).mp4,120,2.002,4,0,0,0,0,4,4,0.5194,5.0094,10.0089,7.992,0.2
video_0009,sample video (8).mp4,150,2.502,6,1,0,0,0,7,7,0.4167,11.1075,22.1928,13.986,0.35
video_0009,sample video (8).mp4,180,3.003,5,2,0,0,0,7,7,0.4169,2.3626,4.7204,13.986,0.35
video_0009,sample video (8).mp4,210,3.504,8,1,0,0,0,9,9,0.3757,17.3726,34.7104,17.982,0.45
video_0009,sample video (8).mp4,240,4.004,10,1,0,0,0,11,11,0.3578,10.6074,21.1936,21.978,0.55
video_0009,sample video (8).mp4,270,4.505,10,0,0,0,0,10,10,0.3699,7.3703,14.7259,19.98,0.5
video_0009,sample video (8).mp4,300,5.005,8,0,0,0,0,8,8,0.4391,3.4722,6.9375,15.984,0.4
video_0009,sample video (8).mp4,330,5.506,9,1,0,0,0,10,10,0.3829,3.1624,6.3184,19.98,0.5
video_0009,sample video (8).mp4,360,6.006,6,2,0,0,0,8,8,0.4356,2.8098,5.614,15.984,0.4
video_0009,sample video (8).mp4,390,6.506,14,0,0,0,0,14,14,0.3845,11.7527,23.4819,27.972,0.7
video_0009,sample video (8).mp4,420,7.007,13,1,0,0,0,14,14,0.3829,7.8839,15.7521,27.972,0.7
video_0009,sample video (8).mp4,450,7.508,14,2,0,0,0,16,16,0.3759,20.0722,40.1042,31.968,0.8
video_0009,sample video (8).mp4,480,8.008,14,3,1,0,0,18,18,0.3648,15.1292,30.2282,35.964,0.9
video_0009,sample video (8).mp4,510,8.508,13,1,0,0,0,14,14,0.4291,11.079,22.1358,27.972,0.7
video_0009,sample video (8).mp4,540,9.009,12,1,1,0,0,14,14,0.4215,8.9677,17.9176,27.972,0.7
video_0009,sample video (8).mp4,570,9.51,14,2,0,0,0,16,16,0.4319,9.2286,18.4388,31.968,0.8
video_0009,sample video (8).mp4,600,10.01,11,1,2,0,0,14,14,0.4522,4.1743,8.3402,27.972,0.7
video_0009,sample video (8).mp4,630,10.511,16,1,0,0,0,17,17,0.3984,11.4411,22.8594,33.966,0.85
video_0009,sample video (8).mp4,660,11.011,13,2,1,0,0,16,16,0.4511,7.6062,15.1972,31.968,0.8
video_0009,sample video (8).mp4,690,11.511,13,2,0,0,0,15,15,0.4273,10.9569,21.8919,29.97,0.75
video_0009,sample video (8).mp4,720,12.012,13,0,0,0,0,13,13,0.4192,10.3794,20.7381,25.974,0.65
video_0009,sample video (8).mp4,750,12.513,10,0,0,0,0,10,10,0.4407,11.9585,23.8931,19.98,0.5
video_0009,sample video (8).mp4,780,13.013,13,0,0,0,0,13,13,0.3914,24.1242,48.2002,25.974,0.65
video_0009,sample video (8).mp4,810,13.514,11,0,0,0,0,11,11,0.4461,16.2301,32.4278,21.978,0.55
video_0009,sample video (8).mp4,840,14.014,13,0,1,0,0,14,14,0.4139,19.0531,38.0681,27.972,0.7
video_0009,sample video (8).mp4,870,14.514,11,0,1,0,0,12,12,0.4029,5.7734,11.5352,23.976,0.6
video_0009,sample video (8).mp4,900,15.015,12,0,0,0,0,12,12,0.4422,20.593,41.145,23.976,0.6
video_0010,sample video (9).mp4,0,0.0,10,6,0,0,0,16,16,0.3892,0.0,0.0,12.8,0.8
video_0010,sample video (9).mp4,30,1.25,5,2,1,0,0,8,8,0.4234,20.7646,16.6117,6.4,0.4
video_0010,sample video (9).mp4,60,2.5,9,5,1,0,0,15,15,0.4507,28.5411,22.8329,12.0,0.75
video_0010,sample video (9).mp4,90,3.75,9,1,1,0,0,11,11,0.4602,26.1684,20.9347,8.8,0.55
video_0010,sample video (9).mp4,120,5.0,9,2,0,0,0,11,11,0.4263,34.9787,27.9829,8.8,0.55
video_0010,sample video (9).mp4,150,6.25,8,4,1,0,0,13,13,0.4297,16.6535,13.3228,10.4,0.65
video_0010,sample video (9).mp4,180,7.5,5,6,3,0,0,14,14,0.405,24.1528,19.3222,11.2,0.7
video_0010,sample video (9).mp4,210,8.75,9,5,0,0,0,14,14,0.544,31.6947,25.3557,11.2,0.7
video_0010,sample video (9).mp4,240,10.0,10,2,3,0,0,15,15,0.511,24.4076,19.526,12.0,0.75
video_0010,sample video (9).mp4,270,11.25,9,3,4,0,0,16,16,0.4685,34.354,27.4832,12.8,0.8
video_0010,sample video (9).mp4,300,12.5,7,4,2,2,0,15,15,0.4365,27.3405,21.8724,12.0,0.75
video_0010,sample video (9).mp4,330,13.75,5,5,0,1,0,11,11,0.5063,26.8697,21.4957,8.8,0.55
video_0011,sample video(3).mp4,0,0.0,9,0,1,0,0,10,10,0.5124,0.0,0.0,10.0,0.5
video_0011,sample video(3).mp4,30,1.0,8,1,1,3,0,13,13,0.4627,4.5399,4.5399,13.0,0.65
video_0011,sample video(3).mp4,60,2.0,6,2,1,0,0,9,9,0.4536,0.0,0.0,9.0,0.45
video_0011,sample video(3).mp4,90,3.0,4,1,0,1,0,6,6,0.563,0.0,0.0,6.0,0.3
video_0011,sample video(3).mp4,120,4.0,4,2,1,0,0,7,7,0.5055,9.2054,9.2054,7.0,0.35
video_0011,sample video(3).mp4,150,5.0,7,3,1,0,0,11,11,0.5267,10.1925,10.1925,11.0,0.55
video_0011,sample video(3).mp4,180,6.0,8,2,1,0,0,11,11,0.4526,11.3402,11.3402,11.0,0.55
video_0011,sample video(3).mp4,210,7.0,7,3,1,0,0,11,11,0.46,11.8299,11.8299,11.0,0.55
video_0011,sample video(3).mp4,240,8.0,4,5,2,1,0,12,12,0.4737,14.9583,14.9583,12.0,0.6
video_0011,sample video(3).mp4,270,9.0,8,4,0,0,0,12,12,0.4926,7.3266,7.3266,12.0,0.6
video_0011,sample video(3).mp4,300,10.0,4,4,0,0,0,8,8,0.5525,22.9954,22.9954,8.0,0.4
video_0011,sample video(3).mp4,330,11.0,8,1,1,0,0,10,10,0.5417,12.6807,12.6807,10.0,0.5
video_0011,sample video(3).mp4,360,12.0,10,1,1,4,0,16,16,0.4498,13.363,13.363,16.0,0.8
