video_id,video_name,window_start,window_end,avg_car_count,avg_bus_count,avg_truck_count,avg_motorcycle_count,avg_bicycle_count,avg_total_vehicle_count,max_vehicle_count,min_vehicle_count,unique_vehicle_count,average_vehicle_confidence,average_vehicle_movement,approximate_average_speed,traffic_flow,congestion_score,traffic_density
video_0001,sample video (1).mp4,0.0,10.0,2.1,0.0,0.2,0.0,0.0,2.3,5,0,5,0.4579,20.7281,20.7281,2.3,0.115,LOW
video_0001,sample video (1).mp4,10.0,20.0,3.2,0.1,0.3,0.0,0.0,3.6,7,1,7,0.522,25.3701,25.3701,3.6,0.18,LOW
video_0001,sample video (1).mp4,20.0,30.0,2.0,0.0,0.0,0.0,0.0,2.0,2,2,2,0.5129,24.7201,24.7201,2.0,0.1,LOW
video_0002,sample video (10).mp4,0.0,10.0,7.6,0.0,0.0,0.0,0.0,7.6,11,5,11,0.4822,8.76,8.76,7.6,0.38,MEDIUM
video_0002,sample video (10).mp4,10.0,20.0,5.1,0.0,0.0,0.0,0.0,5.1,10,3,10,0.5137,13.6043,13.6043,5.1,0.255,MEDIUM
video_0002,sample video (10).mp4,20.0,30.0,4.3,0.1,0.0,0.0,0.0,4.4,7,2,7,0.501,6.558,6.558,4.4,0.22,MEDIUM
video_0002,sample video (10).mp4,30.0,40.0,8.5,0.0,0.0,0.0,0.0,8.5,12,3,12,0.472,10.459,10.459,8.5,0.425,MEDIUM
video_0002,sample video (10).mp4,40.0,50.0,8.5,0.0,0.0,0.0,0.0,8.5,13,7,13,0.442,8.3962,8.3962,8.5,0.425,MEDIUM
video_0002,sample video (10).mp4,50.0,60.0,10.1,0.0,0.0,0.0,0.0,10.1,14,5,14,0.44,13.8234,13.8234,10.1,0.505,HIGH
video_0002,sample video (10).mp4,60.0,70.0,6.0,0.0,0.0,0.0,0.0,6.0,6,6,6,0.5446,18.1484,18.1484,6.0,0.3,MEDIUM
video_0003,sample video (11).mp4,0.0,10.0,0.5,0.0,0.0,0.0,0.0,0.5,2,0,2,0.1085,3.0145,3.0145,0.5,0.025,LOW
video_0003,sample video (11).mp4,10.0,20.0,2.0,0.0,0.0,0.0,0.0,2.0,4,0,4,0.3389,14.1667,14.1667,2.0,0.1,LOW
video_0003,sample video (11).mp4,20.0,30.0,0.6,0.0,0.0,0.0,0.0,0.6,1,0,1,0.2258,18.9237,18.9237,0.6,0.03,LOW
video_0003,sample video (11).mp4,30.0,40.0,0.3,0.0,0.0,0.0,0.0,0.3,1,0,1,0.1005,0.0,0.0,0.3,0.015,LOW
video_0003,sample video (11).mp4,40.0,50.0,0.2,0.0,0.0,0.0,0.0,0.2,1,0,1,0.0838,2.7189,2.7189,0.2,0.01,LOW
video_0003,sample video (11).mp4,50.0,60.0,0.6,0.0,0.0,0.0,0.0,0.6,2,0,2,0.1911,5.5967,5.5967,0.6,0.03,LOW
video_0003,sample video (11).mp4,60.0,70.0,1.0,0.0,0.0,0.0,0.0,1.0,1,1,1,0.2713,0.0,0.0,1.0,0.05,LOW
video_0004,sample video (2).mp4,0.0,10.0,7.8,2.9,0.6,0.2,0.0,11.5,17,8,17,0.4328,16.8584,16.8584,11.5,0.575,HIGH
video_0004,sample video (2).mp4,10.0,20.0,5.2857,2.0,0.8571,0.5714,0.0,8.7143,12,6,12,0.4823,25.7182,25.7182,8.7143,0.4357,MEDIUM
video_0005,sample video (4).mp4,0.0,10.0,9.1111,0.0,0.6667,0.0,0.0,9.7778,13,7,13,0.4757,11.7242,9.7702,8.1481,0.4889,MEDIUM
video_0005,sample video (4).mp4,10.0,20.0,5.5,0.0,1.125,0.0,0.0,6.625,8,3,8,0.4981,19.8208,16.5173,5.5208,0.3312,MEDIUM
video_0005,sample video (4).mp4,20.0,30.0,7.25,0.0,0.25,0.0,0.0,7.5,11,4,11,0.5286,17.8666,14.8888,6.25,0.375,MEDIUM
video_0005,sample video (4).mp4,30.0,40.0,7.6667,0.0,0.2222,0.0,0.0,7.8889,10,6,10,0.511,17.1714,14.3095,6.5741,0.3944,MEDIUM
video_0005,sample video (4).mp4,40.0,50.0,11.5,0.625,1.0,0.0,0.0,13.125,16,11,16,0.47,20.6397,17.1997,10.9375,0.6562,HIGH
video_0005,sample video (4).mp4,50.0,60.0,12.75,1.375,0.75,0.0,0.0,14.875,18,12,18,0.4756,28.4724,23.727,12.3958,0.7438,HIGH
video_0006,sample video (5).mp4,0.0,10.0,4.4444,2.3333,1.4444,0.0,0.0,8.2222,10,6,10,0.4008,7.0682,5.8902,6.8519,0.4111,MEDIUM
video_0006,sample video (5).mp4,10.0,20.0,4.0,2.125,0.75,0.0,0.0,6.875,8,6,8,0.498,7.744,6.4533,5.7292,0.3438,MEDIUM
video_0006,sample video (5).mp4,20.0,30.0,4.4,3.6,0.2,0.0,0.0,8.2,10,7,10,0.4782,4.2188,3.5156,6.8333,0.41,MEDIUM
video_0007,sample video (6).mp4,0.0,10.0,4.9,0.35,0.05,13.25,0.0,18.55,31,11,31,0.458,27.2297,54.4051,37.0629,0.88,HIGH
video_0007,sample video (6).mp4,10.0,20.0,3.8,0.9,0.2,13.5,0.0,18.4,24,15,24,0.4731,27.6255,55.1957,36.7632,0.895,HIGH
video_0008,sample video (7).mp4,0.0,10.0,8.1765,0.0,0.2353,0.5882,0.0,9.0,15,6,15,0.4257,23.2259,38.7098,15.0,0.45,MEDIUM
video_0008,sample video (7).mp4,10.0,20.0,4.1667,0.0,0.0,1.1667,0.0,5.3333,11,0,11,0.3057,11.7754,19.6257,8.8889,0.2667,MEDIUM
video_0009,sample video (8).mp4,0.0,10.0,9.35,1.05,0.2,0.0,0.0,10.6,18,4,18,0.4079,9.1255,18.2327,21.1788,0.53,HIGH
video_0009,sample video (8).mp4,10.0,20.0,12.3636,0.5455,0.4545,0.0,0.0,13.3636,17,10,17,0.4259,12.9355,25.8451,26.7005,0.6682,HIGH
video_0010,sample video (9).mp4,0.0,10.0,8.0,3.875,0.875,0.0,0.0,12.75,16,8,16,0.4411,22.8692,18.2954,10.2,0.6375,HIGH
video_0010,sample video (9).mp4,10.0,20.0,7.75,3.5,2.25,0.75,0.0,14.25,16,11,16,0.4806,28.243,22.5943,11.4,0.7125,HIGH
video_0011,sample video(3).mp4,0.0,10.0,6.5,2.3,0.9,0.5,0.0,10.2,13,6,13,0.4903,6.9393,6.9393,10.2,0.51,HIGH
video_0011,sample video(3).mp4,10.0,20.0,7.3333,2.0,0.6667,1.3333,0.0,11.3333,16,8,16,0.5147,16.3464,16.3464,11.3333,0.5667,HIGH
